Project Key,Issue Id,Parent Id,Issue Type,Summary,Description,Priority,Status,Epic Link,Labels,Sprint
BWC,E01,,Epic,Agile planning and product documentation,"Epic from Knowledge Base product backlog structure: Agile planning and product documentation.

Groups work required to deliver the Bayer-Westphalian Campaign Management Platform.",Medium,To Do,,"bwc,solo-scrum,epic,e01",
BWC,E02,,Epic,"Repository, environment, and architecture setup","Epic from Knowledge Base product backlog structure: Repository, environment, and architecture setup.

Groups work required to deliver the Bayer-Westphalian Campaign Management Platform.",Medium,To Do,,"bwc,solo-scrum,epic,e02",
BWC,E03,,Epic,Database schema and migrations,"Epic from Knowledge Base product backlog structure: Database schema and migrations.

Groups work required to deliver the Bayer-Westphalian Campaign Management Platform.",Medium,To Do,,"bwc,solo-scrum,epic,e03",
BWC,E04,,Epic,Backend foundation,"Epic from Knowledge Base product backlog structure: Backend foundation.

Groups work required to deliver the Bayer-Westphalian Campaign Management Platform.",Medium,To Do,,"bwc,solo-scrum,epic,e04",
BWC,E05,,Epic,Frontend foundation,"Epic from Knowledge Base product backlog structure: Frontend foundation.

Groups work required to deliver the Bayer-Westphalian Campaign Management Platform.",Medium,To Do,,"bwc,solo-scrum,epic,e05",
BWC,E06,,Epic,"Authentication, users, and roles","Epic from Knowledge Base product backlog structure: Authentication, users, and roles.

Groups work required to deliver the Bayer-Westphalian Campaign Management Platform.",Highest,To Do,,"bwc,solo-scrum,epic,e06",
BWC,E07,,Epic,Customer and prospect management,"Epic from Knowledge Base product backlog structure: Customer and prospect management.

Groups work required to deliver the Bayer-Westphalian Campaign Management Platform.",High,To Do,,"bwc,solo-scrum,epic,e07",
BWC,E08,,Epic,Beneficiary management,"Epic from Knowledge Base product backlog structure: Beneficiary management.

Groups work required to deliver the Bayer-Westphalian Campaign Management Platform.",High,To Do,,"bwc,solo-scrum,epic,e08",
BWC,E09,,Epic,"Consent, opt-out, and eligibility","Epic from Knowledge Base product backlog structure: Consent, opt-out, and eligibility.

Groups work required to deliver the Bayer-Westphalian Campaign Management Platform.",Highest,To Do,,"bwc,solo-scrum,epic,e09",
BWC,E10,,Epic,Product management,"Epic from Knowledge Base product backlog structure: Product management.

Groups work required to deliver the Bayer-Westphalian Campaign Management Platform.",High,To Do,,"bwc,solo-scrum,epic,e10",
BWC,E11,,Epic,Product ownership and payment records,"Epic from Knowledge Base product backlog structure: Product ownership and payment records.

Groups work required to deliver the Bayer-Westphalian Campaign Management Platform.",High,To Do,,"bwc,solo-scrum,epic,e11",
BWC,E12,,Epic,Segmentation,"Epic from Knowledge Base product backlog structure: Segmentation.

Groups work required to deliver the Bayer-Westphalian Campaign Management Platform.",High,To Do,,"bwc,solo-scrum,epic,e12",
BWC,E13,,Epic,Campaign management,"Epic from Knowledge Base product backlog structure: Campaign management.

Groups work required to deliver the Bayer-Westphalian Campaign Management Platform.",High,To Do,,"bwc,solo-scrum,epic,e13",
BWC,E14,,Epic,Compliance review,"Epic from Knowledge Base product backlog structure: Compliance review.

Groups work required to deliver the Bayer-Westphalian Campaign Management Platform.",Highest,To Do,,"bwc,solo-scrum,epic,e14",
BWC,E15,,Epic,Recipient preview and campaign launch,"Epic from Knowledge Base product backlog structure: Recipient preview and campaign launch.

Groups work required to deliver the Bayer-Westphalian Campaign Management Platform.",Highest,To Do,,"bwc,solo-scrum,epic,e15",
BWC,E16,,Epic,Communication tracking,"Epic from Knowledge Base product backlog structure: Communication tracking.

Groups work required to deliver the Bayer-Westphalian Campaign Management Platform.",High,To Do,,"bwc,solo-scrum,epic,e16",
BWC,E17,,Epic,Follow-up management,"Epic from Knowledge Base product backlog structure: Follow-up management.

Groups work required to deliver the Bayer-Westphalian Campaign Management Platform.",Medium,To Do,,"bwc,solo-scrum,epic,e17",
BWC,E18,,Epic,Reminder scheduling,"Epic from Knowledge Base product backlog structure: Reminder scheduling.

Groups work required to deliver the Bayer-Westphalian Campaign Management Platform.",High,To Do,,"bwc,solo-scrum,epic,e18",
BWC,E19,,Epic,Analytics,"Epic from Knowledge Base product backlog structure: Analytics.

Groups work required to deliver the Bayer-Westphalian Campaign Management Platform.",High,To Do,,"bwc,solo-scrum,epic,e19",
BWC,E20,,Epic,Reports,"Epic from Knowledge Base product backlog structure: Reports.

Groups work required to deliver the Bayer-Westphalian Campaign Management Platform.",High,To Do,,"bwc,solo-scrum,epic,e20",
BWC,E21,,Epic,AI-assisted features,"Epic from Knowledge Base product backlog structure: AI-assisted features.

Groups work required to deliver the Bayer-Westphalian Campaign Management Platform.",High,To Do,,"bwc,solo-scrum,epic,e21",
BWC,E22,,Epic,Audit logging,"Epic from Knowledge Base product backlog structure: Audit logging.

Groups work required to deliver the Bayer-Westphalian Campaign Management Platform.",Highest,To Do,,"bwc,solo-scrum,epic,e22",
BWC,E23,,Epic,Security hardening,"Epic from Knowledge Base product backlog structure: Security hardening.

Groups work required to deliver the Bayer-Westphalian Campaign Management Platform.",Highest,To Do,,"bwc,solo-scrum,epic,e23",
BWC,E24,,Epic,Testing and quality assurance,"Epic from Knowledge Base product backlog structure: Testing and quality assurance.

Groups work required to deliver the Bayer-Westphalian Campaign Management Platform.",Highest,To Do,,"bwc,solo-scrum,epic,e24",
BWC,E25,,Epic,CI/CD,"Epic from Knowledge Base product backlog structure: CI/CD.

Groups work required to deliver the Bayer-Westphalian Campaign Management Platform.",Medium,To Do,,"bwc,solo-scrum,epic,e25",
BWC,E26,,Epic,Production deployment,"Epic from Knowledge Base product backlog structure: Production deployment.

Groups work required to deliver the Bayer-Westphalian Campaign Management Platform.",Highest,To Do,,"bwc,solo-scrum,epic,e26",
BWC,E27,,Epic,Documentation and university report,"Epic from Knowledge Base product backlog structure: Documentation and university report.

Groups work required to deliver the Bayer-Westphalian Campaign Management Platform.",Medium,To Do,,"bwc,solo-scrum,epic,e27",
BWC,US-001,E06,Story,Authentication: log in securely so that I can access the platform,"High-level product backlog story from the Knowledge Base.

As an internal user, I want to log in securely so that I can access the platform

Sprint: Sprint 3 — Authentication, Users, Roles, and Access Control

Sprint Goal: Implement secure employee login and role-based access control.",Highest,To Do,"Authentication, users, and roles","bwc,solo-scrum,sprint-03,e06,authentication-and-roles,story","Sprint 3 — Authentication, Users, Roles, and Access Control"
BWC,US-002,E06,Story,Authorization: assign roles so users only access allowed features,"High-level product backlog story from the Knowledge Base.

As an Admin, I want to assign roles so users only access allowed features

Sprint: Sprint 3 — Authentication, Users, Roles, and Access Control

Sprint Goal: Implement secure employee login and role-based access control.",Highest,To Do,"Authentication, users, and roles","bwc,solo-scrum,sprint-03,e06,authentication-and-roles,story","Sprint 3 — Authentication, Users, Roles, and Access Control"
BWC,US-003,E07,Story,Customer management: update customer records so that data remains accurate,"High-level product backlog story from the Knowledge Base.

As a Customer Service Agent, I want to update customer records so that data remains accurate

Sprint: Sprint 4 — Customer, Prospect, and Beneficiary Management

Sprint Goal: Build the CRM foundation for customers, prospects, and beneficiaries.",High,To Do,Customer and prospect management,"bwc,solo-scrum,sprint-04,e07,customers,story","Sprint 4 — Customer, Prospect, and Beneficiary Management"
BWC,US-004,E07,Story,Customer search: search customers so I can find campaign targets,"High-level product backlog story from the Knowledge Base.

As a Campaign Manager, I want to search customers so I can find campaign targets

Sprint: Sprint 4 — Customer, Prospect, and Beneficiary Management

Sprint Goal: Build the CRM foundation for customers, prospects, and beneficiaries.",High,To Do,Customer and prospect management,"bwc,solo-scrum,sprint-04,e07,customers,story","Sprint 4 — Customer, Prospect, and Beneficiary Management"
BWC,US-005,E09,Story,Consent: review consent so marketing respects legal rules,"High-level product backlog story from the Knowledge Base.

As a Compliance Officer, I want to review consent so marketing respects legal rules

Sprint: Sprint 5 — Consent, Opt-Out, Do-Not-Contact, and Eligibility

Sprint Goal: Implement compliance-critical consent logic before campaign features.",Highest,To Do,"Consent, opt-out, and eligibility","bwc,solo-scrum,sprint-05,e09,consent-and-eligibility,story","Sprint 5 — Consent, Opt-Out, Do-Not-Contact, and Eligibility"
BWC,US-006,E09,Story,Eligibility: ineligible contacts excluded automatically,"High-level product backlog story from the Knowledge Base.

As a Campaign Manager, I want ineligible contacts excluded automatically

Sprint: Sprint 5 — Consent, Opt-Out, Do-Not-Contact, and Eligibility

Sprint Goal: Implement compliance-critical consent logic before campaign features.",Highest,To Do,"Consent, opt-out, and eligibility","bwc,solo-scrum,sprint-05,e09,consent-and-eligibility,story","Sprint 5 — Consent, Opt-Out, Do-Not-Contact, and Eligibility"
BWC,US-007,E10,Story,Products: manage products so campaigns promote correct offers,"High-level product backlog story from the Knowledge Base.

As a Product Manager, I want to manage products so campaigns promote correct offers

Sprint: Sprint 6 — Product, Product Ownership, Product Change Requests, and Payments

Sprint Goal: Implement the product and policy-related data required for campaign targeting and reminders.",High,To Do,Product management,"bwc,solo-scrum,sprint-06,e10,products,story","Sprint 6 — Product, Product Ownership, Product Change Requests, and Payments"
BWC,US-008,E12,Story,Segmentation: create audience segments so targeting is precise,"High-level product backlog story from the Knowledge Base.

As a Campaign Manager, I want to create audience segments so targeting is precise

Sprint: Sprint 7 — Segmentation Engine

Sprint Goal: Build the audience segmentation engine and preview logic.",High,To Do,Segmentation,"bwc,solo-scrum,sprint-07,e12,segmentation,story",Sprint 7 — Segmentation Engine
BWC,US-009,E13,Story,Campaigns: create and submit campaigns,"High-level product backlog story from the Knowledge Base.

As a Campaign Manager, I want to create and submit campaigns

Sprint: Sprint 8 — Campaign Builder and Campaign Lifecycle

Sprint Goal: Implement the complete campaign draft, editing, submission, and review workflow.",High,To Do,Campaign management,"bwc,solo-scrum,sprint-08,e13,campaigns,story",Sprint 8 — Campaign Builder and Campaign Lifecycle
BWC,US-010,E14,Story,Compliance review: approve campaigns before launch,"High-level product backlog story from the Knowledge Base.

As a Compliance Officer, I want to approve campaigns before launch

Sprint: Sprint 8 — Campaign Builder and Campaign Lifecycle

Sprint Goal: Implement the complete campaign draft, editing, submission, and review workflow.",Highest,To Do,Compliance review,"bwc,solo-scrum,sprint-08,e14,compliance-review,story",Sprint 8 — Campaign Builder and Campaign Lifecycle
BWC,US-011,E16,Story,Communication: record contact outcomes,"High-level product backlog story from the Knowledge Base.

As a Customer Service Agent, I want to record contact outcomes

Sprint: Sprint 10 — Communication Tracking and Provider Adapters

Sprint Goal: Implement contact events and replaceable communication provider architecture.",High,To Do,Communication tracking,"bwc,solo-scrum,sprint-10,e16,communication-tracking,story",Sprint 10 — Communication Tracking and Provider Adapters
BWC,US-012,E17,Story,Follow-up: follow up with interested prospects,"High-level product backlog story from the Knowledge Base.

As a Sales Agent, I want to follow up with interested prospects

Sprint: Sprint 11 — Follow-Up Tasks and Reminder Scheduling

Sprint Goal: Implement follow-up workflows, payment reminders, and product-expiration reminders.",Medium,To Do,Follow-up management,"bwc,solo-scrum,sprint-11,e17,follow-up,story",Sprint 11 — Follow-Up Tasks and Reminder Scheduling
BWC,US-013,E18,Story,Reminders: schedule payment and expiration reminders,"High-level product backlog story from the Knowledge Base.

As a Campaign Manager, I want to schedule payment and expiration reminders

Sprint: Sprint 11 — Follow-Up Tasks and Reminder Scheduling

Sprint Goal: Implement follow-up workflows, payment reminders, and product-expiration reminders.",High,To Do,Reminder scheduling,"bwc,solo-scrum,sprint-11,e18,reminders,story",Sprint 11 — Follow-Up Tasks and Reminder Scheduling
BWC,US-014,E19,Story,Analytics: evaluate campaign performance,"High-level product backlog story from the Knowledge Base.

As a BI Analyst, I want to evaluate campaign performance

Sprint: Sprint 12 — Analytics and Reports

Sprint Goal: Implement business dashboards, campaign metrics, and report exports.",High,To Do,Analytics,"bwc,solo-scrum,sprint-12,e19,analytics,story",Sprint 12 — Analytics and Reports
BWC,US-015,E20,Story,Reports: view ROI and campaign summaries,"High-level product backlog story from the Knowledge Base.

As an Executive, I want to view ROI and campaign summaries

Sprint: Sprint 12 — Analytics and Reports

Sprint Goal: Implement business dashboards, campaign metrics, and report exports.",High,To Do,Reports,"bwc,solo-scrum,sprint-12,e20,reports,story",Sprint 12 — Analytics and Reports
BWC,US-016,E22,Story,Audit: review sensitive system actions,"High-level product backlog story from the Knowledge Base.

As an Auditor, I want to review sensitive system actions

Sprint: Sprint 14 — Audit Logging, Security Hardening, and System Settings

Sprint Goal: Harden the system for production readiness and accountability.",Highest,To Do,Audit logging,"bwc,solo-scrum,sprint-14,e22,audit-logging,story","Sprint 14 — Audit Logging, Security Hardening, and System Settings"
BWC,US-017,E21,Story,AI: suggestions to improve targeting and messaging,"High-level product backlog story from the Knowledge Base.

As a Campaign Manager, I want AI suggestions to improve targeting and messaging

Sprint: Sprint 13 — AI-Assisted Features

Sprint Goal: Implement AI-assisted decision support without allowing AI to make final legal or marketing decisions.",High,To Do,AI-assisted features,"bwc,solo-scrum,sprint-13,e21,ai,story",Sprint 13 — AI-Assisted Features
BWC,SCRUM-S01,E01,Task,"Scrum ceremonies — Sprint 1 — Repository, Tooling, and Architecture Foundation","Sprint Goal: Create the technical foundation for full-stack development and production deployment.

Production Gate: The repository must be clean, reproducible, and runnable by another developer from documented steps.

Sprint Review: Demonstrate frontend, backend, and database running locally.

Sprint Retrospective: Record setup problems, missing dependencies, and improvements for developer workflow.

Ceremonies: Sprint Planning, Daily Scrum, Sprint Review, Sprint Retrospective.",Medium,To Do,Agile planning and product documentation,"bwc,solo-scrum,sprint-01,e01,agile-planning,scrum-ceremony","Sprint 1 — Repository, Tooling, and Architecture Foundation"
BWC,SCRUM-S02,E01,Task,Scrum ceremonies — Sprint 2 — Database Schema and Backend Foundation,"Sprint Goal: Implement the core database schema and backend structure based on the KB data model.

Production Gate: Database must be version-controlled through migrations. Manual database changes are not allowed.

Sprint Review: Demonstrate database migration from empty database to working schema.

Sprint Retrospective: Record schema risks and any required corrections before adding business modules.

Ceremonies: Sprint Planning, Daily Scrum, Sprint Review, Sprint Retrospective.",Medium,To Do,Agile planning and product documentation,"bwc,solo-scrum,sprint-02,e01,agile-planning,scrum-ceremony",Sprint 2 — Database Schema and Backend Foundation
BWC,SCRUM-S03,E01,Task,"Scrum ceremonies — Sprint 3 — Authentication, Users, Roles, and Access Control","Sprint Goal: Implement secure employee login and role-based access control.

Production Gate: No protected resource may be accessible without authentication and correct role authorization.

Sprint Review: Demonstrate login as Admin, Campaign Manager, BI Analyst, Product Manager, Compliance Officer, and Customer Service Agent.

Sprint Retrospective: Record authorization gaps and improve role-check consistency.

Ceremonies: Sprint Planning, Daily Scrum, Sprint Review, Sprint Retrospective.",Medium,To Do,Agile planning and product documentation,"bwc,solo-scrum,sprint-03,e01,agile-planning,scrum-ceremony","Sprint 3 — Authentication, Users, Roles, and Access Control"
BWC,SCRUM-S04,E01,Task,"Scrum ceremonies — Sprint 4 — Customer, Prospect, and Beneficiary Management","Sprint Goal: Build the CRM foundation for customers, prospects, and beneficiaries.

Production Gate: Customer data must use validation, pagination, soft delete, and role-based access.

Sprint Review: Demonstrate creating a policyholder customer and linking a grandchild/beneficiary.

Sprint Retrospective: Review whether customer fields are sufficient for segmentation and consent workflows.

Ceremonies: Sprint Planning, Daily Scrum, Sprint Review, Sprint Retrospective.",Medium,To Do,Agile planning and product documentation,"bwc,solo-scrum,sprint-04,e01,agile-planning,scrum-ceremony","Sprint 4 — Customer, Prospect, and Beneficiary Management"
BWC,SCRUM-S05,E01,Task,"Scrum ceremonies — Sprint 5 — Consent, Opt-Out, Do-Not-Contact, and Eligibility","Sprint Goal: Implement compliance-critical consent logic before campaign features.

Production Gate: Consent, opt-outs, do-not-contact, guardian consent, and eligibility must not be simulated.

Sprint Review: Demonstrate that a customer without valid consent is blocked from marketing eligibility.

Sprint Retrospective: Record whether the eligibility logic is centralized enough to avoid duplicated compliance logic.

Ceremonies: Sprint Planning, Daily Scrum, Sprint Review, Sprint Retrospective.",Medium,To Do,Agile planning and product documentation,"bwc,solo-scrum,sprint-05,e01,agile-planning,scrum-ceremony","Sprint 5 — Consent, Opt-Out, Do-Not-Contact, and Eligibility"
BWC,SCRUM-S06,E01,Task,"Scrum ceremonies — Sprint 6 — Product, Product Ownership, Product Change Requests, and Payments","Sprint Goal: Implement the product and policy-related data required for campaign targeting and reminders.

Production Gate: Product and ownership data must support product-expiration campaigns and segmentation.

Sprint Review: Demonstrate assigning a product to a customer and setting an expiration date.

Sprint Retrospective: Record whether payment and ownership records are enough for reminders and analytics.

Ceremonies: Sprint Planning, Daily Scrum, Sprint Review, Sprint Retrospective.",Medium,To Do,Agile planning and product documentation,"bwc,solo-scrum,sprint-06,e01,agile-planning,scrum-ceremony","Sprint 6 — Product, Product Ownership, Product Change Requests, and Payments"
BWC,SCRUM-S07,E01,Task,Scrum ceremonies — Sprint 7 — Segmentation Engine,"Sprint Goal: Build the audience segmentation engine and preview logic.

Production Gate: Segmentation must never return a final campaign audience without eligibility checks.

Sprint Review: Demonstrate a segment for beneficiaries aged 18–35 without homeowner insurance and show eligible/excluded counts.

Sprint Retrospective: Record whether the criteria model is flexible enough for future campaign types.

Ceremonies: Sprint Planning, Daily Scrum, Sprint Review, Sprint Retrospective.",Medium,To Do,Agile planning and product documentation,"bwc,solo-scrum,sprint-07,e01,agile-planning,scrum-ceremony",Sprint 7 — Segmentation Engine
BWC,SCRUM-S08,E01,Task,Scrum ceremonies — Sprint 8 — Campaign Builder and Campaign Lifecycle,"Sprint Goal: Implement the complete campaign draft, editing, submission, and review workflow.

Production Gate: Submitted campaigns cannot be launched before Compliance Officer approval.

Sprint Review: Demonstrate creating a campaign, submitting it, rejecting it, editing it, resubmitting it, and approving it.

Sprint Retrospective: Record whether campaign workflow is clear enough for non-technical business users.

Ceremonies: Sprint Planning, Daily Scrum, Sprint Review, Sprint Retrospective.",Medium,To Do,Agile planning and product documentation,"bwc,solo-scrum,sprint-08,e01,agile-planning,scrum-ceremony",Sprint 8 — Campaign Builder and Campaign Lifecycle
BWC,SCRUM-S09,E01,Task,Scrum ceremonies — Sprint 9 — Recipient Preview and Campaign Launch,"Sprint Goal: Implement recipient generation, eligibility enforcement, and campaign launch.

Production Gate: A campaign launch must never bypass consent, opt-out, do-not-contact, duplicate, guardian consent, or approval rules.

Sprint Review: Demonstrate launching only an approved campaign and prove excluded contacts are not contacted.

Sprint Retrospective: Record any rule conflicts and simplify the eligibility logic if needed.

Ceremonies: Sprint Planning, Daily Scrum, Sprint Review, Sprint Retrospective.",Medium,To Do,Agile planning and product documentation,"bwc,solo-scrum,sprint-09,e01,agile-planning,scrum-ceremony",Sprint 9 — Recipient Preview and Campaign Launch
BWC,SCRUM-S10,E01,Task,Scrum ceremonies — Sprint 10 — Communication Tracking and Provider Adapters,"Sprint Goal: Implement contact events and replaceable communication provider architecture.

Production Gate: Development may use mock email, but production must use a real configured provider or disable sending until configured.

Sprint Review: Demonstrate a launched campaign creating contact events and visible contact history.

Sprint Retrospective: Record what is still needed for real email/SMS provider integration.

Ceremonies: Sprint Planning, Daily Scrum, Sprint Review, Sprint Retrospective.",Medium,To Do,Agile planning and product documentation,"bwc,solo-scrum,sprint-10,e01,agile-planning,scrum-ceremony",Sprint 10 — Communication Tracking and Provider Adapters
BWC,SCRUM-S11,E01,Task,Scrum ceremonies — Sprint 11 — Follow-Up Tasks and Reminder Scheduling,"Sprint Goal: Implement follow-up workflows, payment reminders, and product-expiration reminders.

Production Gate: Reminder logic must respect consent, payment status, expiration dates, and contact frequency limits.

Sprint Review: Demonstrate Green, Yellow, Red reminder lifecycle and product-expiration reminder generation.

Sprint Retrospective: Record whether reminder rules need configuration through system settings.

Ceremonies: Sprint Planning, Daily Scrum, Sprint Review, Sprint Retrospective.",Medium,To Do,Agile planning and product documentation,"bwc,solo-scrum,sprint-11,e01,agile-planning,scrum-ceremony",Sprint 11 — Follow-Up Tasks and Reminder Scheduling
BWC,SCRUM-S12,E01,Task,Scrum ceremonies — Sprint 12 — Analytics and Reports,"Sprint Goal: Implement business dashboards, campaign metrics, and report exports.

Production Gate: Executive reports should use aggregated data where possible.

Sprint Review: Demonstrate a campaign analytics dashboard and export a campaign report.

Sprint Retrospective: Record whether metrics are accurate and whether any metric depends on external provider events.

Ceremonies: Sprint Planning, Daily Scrum, Sprint Review, Sprint Retrospective.",Medium,To Do,Agile planning and product documentation,"bwc,solo-scrum,sprint-12,e01,agile-planning,scrum-ceremony",Sprint 12 — Analytics and Reports
BWC,SCRUM-S13,E01,Task,Scrum ceremonies — Sprint 13 — AI-Assisted Features,"Sprint Goal: Implement AI-assisted decision support without allowing AI to make final legal or marketing decisions.

Production Gate: AI must be decision support only. It must not override compliance approval, consent, opt-out, do-not-contact, or eligibility rules.

Sprint Review: Demonstrate AI recommending a product and explaining why, while requiring human approval before campaign use.

Sprint Retrospective: Record whether the AI feature is useful enough or should remain simple/rule-based.

Ceremonies: Sprint Planning, Daily Scrum, Sprint Review, Sprint Retrospective.",Medium,To Do,Agile planning and product documentation,"bwc,solo-scrum,sprint-13,e01,agile-planning,scrum-ceremony",Sprint 13 — AI-Assisted Features
BWC,SCRUM-S14,E01,Task,"Scrum ceremonies — Sprint 14 — Audit Logging, Security Hardening, and System Settings","Sprint Goal: Harden the system for production readiness and accountability.

Production Gate: Sensitive actions must be auditable and production must not expose secrets or stack traces.

Sprint Review: Demonstrate audit log entries after role change, consent update, and campaign approval.

Sprint Retrospective: Record security gaps and prioritize them before release candidate.

Ceremonies: Sprint Planning, Daily Scrum, Sprint Review, Sprint Retrospective.",Medium,To Do,Agile planning and product documentation,"bwc,solo-scrum,sprint-14,e01,agile-planning,scrum-ceremony","Sprint 14 — Audit Logging, Security Hardening, and System Settings"
BWC,SCRUM-S15,E01,Task,Scrum ceremonies — Sprint 15 — Frontend Professionalization and Accessibility,"Sprint Goal: Make the application usable, professional, accessible, and role-aware.

Production Gate: A business user should be able to complete core workflows without developer help.

Sprint Review: Demonstrate login, customer creation, consent update, campaign creation, approval, launch, and analytics from the UI.

Sprint Retrospective: Record UI friction points and fix blocking usability issues.

Ceremonies: Sprint Planning, Daily Scrum, Sprint Review, Sprint Retrospective.",Medium,To Do,Agile planning and product documentation,"bwc,solo-scrum,sprint-15,e01,agile-planning,scrum-ceremony",Sprint 15 — Frontend Professionalization and Accessibility
BWC,SCRUM-S16,E01,Task,Scrum ceremonies — Sprint 16 — Full Test Suite and Quality Assurance,"Sprint Goal: Verify the system against functional, non-functional, security, business-rule, and production-readiness requirements.

Production Gate: No production release if critical tests fail.

Sprint Review: Demonstrate the test suite and core workflow passing.

Sprint Retrospective: Record quality gaps and decide whether to release or add one hardening sprint.

Ceremonies: Sprint Planning, Daily Scrum, Sprint Review, Sprint Retrospective.",Medium,To Do,Agile planning and product documentation,"bwc,solo-scrum,sprint-16,e01,agile-planning,scrum-ceremony",Sprint 16 — Full Test Suite and Quality Assurance
BWC,SCRUM-S17,E01,Task,Scrum ceremonies — Sprint 17 — CI/CD and Deployment Automation,"Sprint Goal: Automate build, test, packaging, and deployment preparation.

Production Gate: Main branch must not be releasable unless CI passes.

Sprint Review: Demonstrate a passing CI pipeline from a clean commit.

Sprint Retrospective: Record pipeline speed, reliability, and missing checks.

Ceremonies: Sprint Planning, Daily Scrum, Sprint Review, Sprint Retrospective.",Medium,To Do,Agile planning and product documentation,"bwc,solo-scrum,sprint-17,e01,agile-planning,scrum-ceremony",Sprint 17 — CI/CD and Deployment Automation
BWC,SCRUM-S18,E01,Task,Scrum ceremonies — Sprint 18 — Production Deployment and Operations,"Sprint Goal: Deploy the system in a production-ready environment with operational safeguards.

Production Gate: Production release is allowed only after smoke tests, backups, security config, and critical workflows pass.

Sprint Review: Demonstrate deployed system, login, customer creation, consent update, campaign creation, approval, launch, and analytics.

Sprint Retrospective: Record deployment risks and post-release improvements.

Ceremonies: Sprint Planning, Daily Scrum, Sprint Review, Sprint Retrospective.",Medium,To Do,Agile planning and product documentation,"bwc,solo-scrum,sprint-18,e01,agile-planning,scrum-ceremony",Sprint 18 — Production Deployment and Operations
BWC,SCRUM-S19,E01,Task,"Scrum ceremonies — Sprint 19 — Documentation, Demo, and University Report Evidence","Sprint Goal: Prepare the final project evidence, documentation, and university report material.

Production Gate: Documentation must allow another developer or evaluator to understand, run, test, and review the system.

Sprint Review: Demonstrate final report evidence and full demo flow.

Sprint Retrospective: Record lessons learned, Agile process evaluation, and future improvements.

Ceremonies: Sprint Planning, Daily Scrum, Sprint Review, Sprint Retrospective.",Medium,To Do,Agile planning and product documentation,"bwc,solo-scrum,sprint-19,e01,agile-planning,scrum-ceremony","Sprint 19 — Documentation, Demo, and University Report Evidence"
BWC,S1-001,E02,Task,Create GitHub repository,"Detailed sprint backlog item from Sprint 1 — Repository, Tooling, and Architecture Foundation.

Sprint Goal: Create the technical foundation for full-stack development and production deployment.

Task: Create GitHub repository

Production Gate: The repository must be clean, reproducible, and runnable by another developer from documented steps.",Medium,To Do,"Repository, environment, and architecture setup","bwc,solo-scrum,sprint-01,e02,repository-architecture,task","Sprint 1 — Repository, Tooling, and Architecture Foundation"
BWC,S1-002,E02,Task,"Create folder structure: frontend, backend, docs, docker","Detailed sprint backlog item from Sprint 1 — Repository, Tooling, and Architecture Foundation.

Sprint Goal: Create the technical foundation for full-stack development and production deployment.

Task: Create folder structure: frontend, backend, docs, docker

Production Gate: The repository must be clean, reproducible, and runnable by another developer from documented steps.",Medium,To Do,"Repository, environment, and architecture setup","bwc,solo-scrum,sprint-01,e02,repository-architecture,task","Sprint 1 — Repository, Tooling, and Architecture Foundation"
BWC,S1-003,E02,Task,"Add README with project identity, stack, setup plan, and development commands","Detailed sprint backlog item from Sprint 1 — Repository, Tooling, and Architecture Foundation.

Sprint Goal: Create the technical foundation for full-stack development and production deployment.

Task: Add README with project identity, stack, setup plan, and development commands

Production Gate: The repository must be clean, reproducible, and runnable by another developer from documented steps.",Medium,To Do,"Repository, environment, and architecture setup","bwc,solo-scrum,sprint-01,e02,repository-architecture,task","Sprint 1 — Repository, Tooling, and Architecture Foundation"
BWC,S1-004,E02,Task,Add .gitignore,"Detailed sprint backlog item from Sprint 1 — Repository, Tooling, and Architecture Foundation.

Sprint Goal: Create the technical foundation for full-stack development and production deployment.

Task: Add .gitignore

Production Gate: The repository must be clean, reproducible, and runnable by another developer from documented steps.",Medium,To Do,"Repository, environment, and architecture setup","bwc,solo-scrum,sprint-01,e02,repository-architecture,task","Sprint 1 — Repository, Tooling, and Architecture Foundation"
BWC,S1-005,E05,Task,Create React + TypeScript + Vite frontend,"Detailed sprint backlog item from Sprint 1 — Repository, Tooling, and Architecture Foundation.

Sprint Goal: Create the technical foundation for full-stack development and production deployment.

Task: Create React + TypeScript + Vite frontend

Production Gate: The repository must be clean, reproducible, and runnable by another developer from documented steps.",Medium,To Do,Frontend foundation,"bwc,solo-scrum,sprint-01,e05,frontend,task","Sprint 1 — Repository, Tooling, and Architecture Foundation"
BWC,S1-006,E04,Task,Create Spring Boot backend,"Detailed sprint backlog item from Sprint 1 — Repository, Tooling, and Architecture Foundation.

Sprint Goal: Create the technical foundation for full-stack development and production deployment.

Task: Create Spring Boot backend

Production Gate: The repository must be clean, reproducible, and runnable by another developer from documented steps.",Medium,To Do,Backend foundation,"bwc,solo-scrum,sprint-01,e04,backend,task","Sprint 1 — Repository, Tooling, and Architecture Foundation"
BWC,S1-007,E02,Task,Add Docker Compose for PostgreSQL,"Detailed sprint backlog item from Sprint 1 — Repository, Tooling, and Architecture Foundation.

Sprint Goal: Create the technical foundation for full-stack development and production deployment.

Task: Add Docker Compose for PostgreSQL

Production Gate: The repository must be clean, reproducible, and runnable by another developer from documented steps.",Medium,To Do,"Repository, environment, and architecture setup","bwc,solo-scrum,sprint-01,e02,repository-architecture,task","Sprint 1 — Repository, Tooling, and Architecture Foundation"
BWC,S1-008,E02,Task,"Add backend application profiles: dev, test, prod","Detailed sprint backlog item from Sprint 1 — Repository, Tooling, and Architecture Foundation.

Sprint Goal: Create the technical foundation for full-stack development and production deployment.

Task: Add backend application profiles: dev, test, prod

Production Gate: The repository must be clean, reproducible, and runnable by another developer from documented steps.",Medium,To Do,"Repository, environment, and architecture setup","bwc,solo-scrum,sprint-01,e02,repository-architecture,task","Sprint 1 — Repository, Tooling, and Architecture Foundation"
BWC,S1-009,E05,Task,Add frontend environment configuration,"Detailed sprint backlog item from Sprint 1 — Repository, Tooling, and Architecture Foundation.

Sprint Goal: Create the technical foundation for full-stack development and production deployment.

Task: Add frontend environment configuration

Production Gate: The repository must be clean, reproducible, and runnable by another developer from documented steps.",Medium,To Do,Frontend foundation,"bwc,solo-scrum,sprint-01,e05,frontend,task","Sprint 1 — Repository, Tooling, and Architecture Foundation"
BWC,S1-010,E02,Task,Add Nginx/Caddy placeholder config,"Detailed sprint backlog item from Sprint 1 — Repository, Tooling, and Architecture Foundation.

Sprint Goal: Create the technical foundation for full-stack development and production deployment.

Task: Add Nginx/Caddy placeholder config

Production Gate: The repository must be clean, reproducible, and runnable by another developer from documented steps.",Medium,To Do,"Repository, environment, and architecture setup","bwc,solo-scrum,sprint-01,e02,repository-architecture,task","Sprint 1 — Repository, Tooling, and Architecture Foundation"
BWC,S1-011,E02,Task,Add initial architecture diagram,"Detailed sprint backlog item from Sprint 1 — Repository, Tooling, and Architecture Foundation.

Sprint Goal: Create the technical foundation for full-stack development and production deployment.

Task: Add initial architecture diagram

Production Gate: The repository must be clean, reproducible, and runnable by another developer from documented steps.",Medium,To Do,"Repository, environment, and architecture setup","bwc,solo-scrum,sprint-01,e02,repository-architecture,task","Sprint 1 — Repository, Tooling, and Architecture Foundation"
BWC,S1-012,E02,Task,Add API documentation strategy using OpenAPI/Swagger,"Detailed sprint backlog item from Sprint 1 — Repository, Tooling, and Architecture Foundation.

Sprint Goal: Create the technical foundation for full-stack development and production deployment.

Task: Add API documentation strategy using OpenAPI/Swagger

Production Gate: The repository must be clean, reproducible, and runnable by another developer from documented steps.",Medium,To Do,"Repository, environment, and architecture setup","bwc,solo-scrum,sprint-01,e02,repository-architecture,task","Sprint 1 — Repository, Tooling, and Architecture Foundation"
BWC,S1-013,E02,Task,Add code formatting and linting baseline,"Detailed sprint backlog item from Sprint 1 — Repository, Tooling, and Architecture Foundation.

Sprint Goal: Create the technical foundation for full-stack development and production deployment.

Task: Add code formatting and linting baseline

Production Gate: The repository must be clean, reproducible, and runnable by another developer from documented steps.",Medium,To Do,"Repository, environment, and architecture setup","bwc,solo-scrum,sprint-01,e02,repository-architecture,task","Sprint 1 — Repository, Tooling, and Architecture Foundation"
BWC,S1-014,E02,Task,Add initial GitHub Issues/Project board,"Detailed sprint backlog item from Sprint 1 — Repository, Tooling, and Architecture Foundation.

Sprint Goal: Create the technical foundation for full-stack development and production deployment.

Task: Add initial GitHub Issues/Project board

Production Gate: The repository must be clean, reproducible, and runnable by another developer from documented steps.",Medium,To Do,"Repository, environment, and architecture setup","bwc,solo-scrum,sprint-01,e02,repository-architecture,task","Sprint 1 — Repository, Tooling, and Architecture Foundation"
BWC,S2-001,E03,Task,Add Flyway dependency,"Detailed sprint backlog item from Sprint 2 — Database Schema and Backend Foundation.

Sprint Goal: Implement the core database schema and backend structure based on the KB data model.

Task: Add Flyway dependency

Production Gate: Database must be version-controlled through migrations. Manual database changes are not allowed.",Medium,To Do,Database schema and migrations,"bwc,solo-scrum,sprint-02,e03,database,task",Sprint 2 — Database Schema and Backend Foundation
BWC,S2-002,E03,Task,Create initial database migration,"Detailed sprint backlog item from Sprint 2 — Database Schema and Backend Foundation.

Sprint Goal: Implement the core database schema and backend structure based on the KB data model.

Task: Create initial database migration

Production Gate: Database must be version-controlled through migrations. Manual database changes are not allowed.",Medium,To Do,Database schema and migrations,"bwc,solo-scrum,sprint-02,e03,database,task",Sprint 2 — Database Schema and Backend Foundation
BWC,S2-003,E06,Task,Create users table,"Detailed sprint backlog item from Sprint 2 — Database Schema and Backend Foundation.

Sprint Goal: Implement the core database schema and backend structure based on the KB data model.

Task: Create users table

Production Gate: Database must be version-controlled through migrations. Manual database changes are not allowed.",Highest,To Do,"Authentication, users, and roles","bwc,solo-scrum,sprint-02,e06,authentication-and-roles,task",Sprint 2 — Database Schema and Backend Foundation
BWC,S2-004,E06,Task,Create roles table,"Detailed sprint backlog item from Sprint 2 — Database Schema and Backend Foundation.

Sprint Goal: Implement the core database schema and backend structure based on the KB data model.

Task: Create roles table

Production Gate: Database must be version-controlled through migrations. Manual database changes are not allowed.",Highest,To Do,"Authentication, users, and roles","bwc,solo-scrum,sprint-02,e06,authentication-and-roles,task",Sprint 2 — Database Schema and Backend Foundation
BWC,S2-005,E06,Task,Create user_roles table,"Detailed sprint backlog item from Sprint 2 — Database Schema and Backend Foundation.

Sprint Goal: Implement the core database schema and backend structure based on the KB data model.

Task: Create user_roles table

Production Gate: Database must be version-controlled through migrations. Manual database changes are not allowed.",Highest,To Do,"Authentication, users, and roles","bwc,solo-scrum,sprint-02,e06,authentication-and-roles,task",Sprint 2 — Database Schema and Backend Foundation
BWC,S2-006,E07,Task,Create customers table,"Detailed sprint backlog item from Sprint 2 — Database Schema and Backend Foundation.

Sprint Goal: Implement the core database schema and backend structure based on the KB data model.

Task: Create customers table

Production Gate: Database must be version-controlled through migrations. Manual database changes are not allowed.",High,To Do,Customer and prospect management,"bwc,solo-scrum,sprint-02,e07,customers,task",Sprint 2 — Database Schema and Backend Foundation
BWC,S2-007,E08,Task,Create beneficiaries table,"Detailed sprint backlog item from Sprint 2 — Database Schema and Backend Foundation.

Sprint Goal: Implement the core database schema and backend structure based on the KB data model.

Task: Create beneficiaries table

Production Gate: Database must be version-controlled through migrations. Manual database changes are not allowed.",High,To Do,Beneficiary management,"bwc,solo-scrum,sprint-02,e08,beneficiaries,task",Sprint 2 — Database Schema and Backend Foundation
BWC,S2-008,E09,Task,Create consent_records table,"Detailed sprint backlog item from Sprint 2 — Database Schema and Backend Foundation.

Sprint Goal: Implement the core database schema and backend structure based on the KB data model.

Task: Create consent_records table

Production Gate: Database must be version-controlled through migrations. Manual database changes are not allowed.",Highest,To Do,"Consent, opt-out, and eligibility","bwc,solo-scrum,sprint-02,e09,consent-and-eligibility,task",Sprint 2 — Database Schema and Backend Foundation
BWC,S2-009,E10,Task,Create products table,"Detailed sprint backlog item from Sprint 2 — Database Schema and Backend Foundation.

Sprint Goal: Implement the core database schema and backend structure based on the KB data model.

Task: Create products table

Production Gate: Database must be version-controlled through migrations. Manual database changes are not allowed.",High,To Do,Product management,"bwc,solo-scrum,sprint-02,e10,products,task",Sprint 2 — Database Schema and Backend Foundation
BWC,S2-010,E11,Task,Create product_ownerships table,"Detailed sprint backlog item from Sprint 2 — Database Schema and Backend Foundation.

Sprint Goal: Implement the core database schema and backend structure based on the KB data model.

Task: Create product_ownerships table

Production Gate: Database must be version-controlled through migrations. Manual database changes are not allowed.",High,To Do,Product ownership and payment records,"bwc,solo-scrum,sprint-02,e11,product-ownership-and-payments,task",Sprint 2 — Database Schema and Backend Foundation
BWC,S2-011,E10,Task,Create product_change_requests table,"Detailed sprint backlog item from Sprint 2 — Database Schema and Backend Foundation.

Sprint Goal: Implement the core database schema and backend structure based on the KB data model.

Task: Create product_change_requests table

Production Gate: Database must be version-controlled through migrations. Manual database changes are not allowed.",High,To Do,Product management,"bwc,solo-scrum,sprint-02,e10,products,task",Sprint 2 — Database Schema and Backend Foundation
BWC,S2-012,E11,Task,Create payment_records table,"Detailed sprint backlog item from Sprint 2 — Database Schema and Backend Foundation.

Sprint Goal: Implement the core database schema and backend structure based on the KB data model.

Task: Create payment_records table

Production Gate: Database must be version-controlled through migrations. Manual database changes are not allowed.",High,To Do,Product ownership and payment records,"bwc,solo-scrum,sprint-02,e11,product-ownership-and-payments,task",Sprint 2 — Database Schema and Backend Foundation
BWC,S2-013,E12,Task,Create segments table,"Detailed sprint backlog item from Sprint 2 — Database Schema and Backend Foundation.

Sprint Goal: Implement the core database schema and backend structure based on the KB data model.

Task: Create segments table

Production Gate: Database must be version-controlled through migrations. Manual database changes are not allowed.",High,To Do,Segmentation,"bwc,solo-scrum,sprint-02,e12,segmentation,task",Sprint 2 — Database Schema and Backend Foundation
BWC,S2-014,E12,Task,Create segment_criteria table,"Detailed sprint backlog item from Sprint 2 — Database Schema and Backend Foundation.

Sprint Goal: Implement the core database schema and backend structure based on the KB data model.

Task: Create segment_criteria table

Production Gate: Database must be version-controlled through migrations. Manual database changes are not allowed.",High,To Do,Segmentation,"bwc,solo-scrum,sprint-02,e12,segmentation,task",Sprint 2 — Database Schema and Backend Foundation
BWC,S2-015,E13,Task,Create campaigns table,"Detailed sprint backlog item from Sprint 2 — Database Schema and Backend Foundation.

Sprint Goal: Implement the core database schema and backend structure based on the KB data model.

Task: Create campaigns table

Production Gate: Database must be version-controlled through migrations. Manual database changes are not allowed.",High,To Do,Campaign management,"bwc,solo-scrum,sprint-02,e13,campaigns,task",Sprint 2 — Database Schema and Backend Foundation
BWC,S2-016,E10,Task,Create campaign_products table,"Detailed sprint backlog item from Sprint 2 — Database Schema and Backend Foundation.

Sprint Goal: Implement the core database schema and backend structure based on the KB data model.

Task: Create campaign_products table

Production Gate: Database must be version-controlled through migrations. Manual database changes are not allowed.",High,To Do,Product management,"bwc,solo-scrum,sprint-02,e10,products,task",Sprint 2 — Database Schema and Backend Foundation
BWC,S2-017,E15,Task,Create campaign_recipients table,"Detailed sprint backlog item from Sprint 2 — Database Schema and Backend Foundation.

Sprint Goal: Implement the core database schema and backend structure based on the KB data model.

Task: Create campaign_recipients table

Production Gate: Database must be version-controlled through migrations. Manual database changes are not allowed.",Highest,To Do,Recipient preview and campaign launch,"bwc,solo-scrum,sprint-02,e15,recipient-preview-and-launch,task",Sprint 2 — Database Schema and Backend Foundation
BWC,S2-018,E16,Task,Create contact_events table,"Detailed sprint backlog item from Sprint 2 — Database Schema and Backend Foundation.

Sprint Goal: Implement the core database schema and backend structure based on the KB data model.

Task: Create contact_events table

Production Gate: Database must be version-controlled through migrations. Manual database changes are not allowed.",High,To Do,Communication tracking,"bwc,solo-scrum,sprint-02,e16,communication-tracking,task",Sprint 2 — Database Schema and Backend Foundation
BWC,S2-019,E17,Task,Create follow_up_tasks table,"Detailed sprint backlog item from Sprint 2 — Database Schema and Backend Foundation.

Sprint Goal: Implement the core database schema and backend structure based on the KB data model.

Task: Create follow_up_tasks table

Production Gate: Database must be version-controlled through migrations. Manual database changes are not allowed.",Medium,To Do,Follow-up management,"bwc,solo-scrum,sprint-02,e17,follow-up,task",Sprint 2 — Database Schema and Backend Foundation
BWC,S2-020,E18,Task,Create reminder_schedules table,"Detailed sprint backlog item from Sprint 2 — Database Schema and Backend Foundation.

Sprint Goal: Implement the core database schema and backend structure based on the KB data model.

Task: Create reminder_schedules table

Production Gate: Database must be version-controlled through migrations. Manual database changes are not allowed.",High,To Do,Reminder scheduling,"bwc,solo-scrum,sprint-02,e18,reminders,task",Sprint 2 — Database Schema and Backend Foundation
BWC,S2-021,E19,Task,Create campaign_metrics table,"Detailed sprint backlog item from Sprint 2 — Database Schema and Backend Foundation.

Sprint Goal: Implement the core database schema and backend structure based on the KB data model.

Task: Create campaign_metrics table

Production Gate: Database must be version-controlled through migrations. Manual database changes are not allowed.",High,To Do,Analytics,"bwc,solo-scrum,sprint-02,e19,analytics,task",Sprint 2 — Database Schema and Backend Foundation
BWC,S2-022,E22,Task,Create audit_logs table,"Detailed sprint backlog item from Sprint 2 — Database Schema and Backend Foundation.

Sprint Goal: Implement the core database schema and backend structure based on the KB data model.

Task: Create audit_logs table

Production Gate: Database must be version-controlled through migrations. Manual database changes are not allowed.",Highest,To Do,Audit logging,"bwc,solo-scrum,sprint-02,e22,audit-logging,task",Sprint 2 — Database Schema and Backend Foundation
BWC,S2-023,E21,Task,Create ai_recommendations table,"Detailed sprint backlog item from Sprint 2 — Database Schema and Backend Foundation.

Sprint Goal: Implement the core database schema and backend structure based on the KB data model.

Task: Create ai_recommendations table

Production Gate: Database must be version-controlled through migrations. Manual database changes are not allowed.",High,To Do,AI-assisted features,"bwc,solo-scrum,sprint-02,e21,ai,task",Sprint 2 — Database Schema and Backend Foundation
BWC,S2-024,E03,Task,Add database indexes defined in the KB,"Detailed sprint backlog item from Sprint 2 — Database Schema and Backend Foundation.

Sprint Goal: Implement the core database schema and backend structure based on the KB data model.

Task: Add database indexes defined in the KB

Production Gate: Database must be version-controlled through migrations. Manual database changes are not allowed.",Medium,To Do,Database schema and migrations,"bwc,solo-scrum,sprint-02,e03,database,task",Sprint 2 — Database Schema and Backend Foundation
BWC,S2-025,E06,Task,Add seed roles,"Detailed sprint backlog item from Sprint 2 — Database Schema and Backend Foundation.

Sprint Goal: Implement the core database schema and backend structure based on the KB data model.

Task: Add seed roles

Production Gate: Database must be version-controlled through migrations. Manual database changes are not allowed.",Highest,To Do,"Authentication, users, and roles","bwc,solo-scrum,sprint-02,e06,authentication-and-roles,task",Sprint 2 — Database Schema and Backend Foundation
BWC,S2-026,E06,Task,Add test users for all MVP roles,"Detailed sprint backlog item from Sprint 2 — Database Schema and Backend Foundation.

Sprint Goal: Implement the core database schema and backend structure based on the KB data model.

Task: Add test users for all MVP roles

Production Gate: Database must be version-controlled through migrations. Manual database changes are not allowed.",Highest,To Do,"Authentication, users, and roles","bwc,solo-scrum,sprint-02,e06,authentication-and-roles,task",Sprint 2 — Database Schema and Backend Foundation
BWC,S2-027,E04,Task,Create BaseEntity and common exception classes,"Detailed sprint backlog item from Sprint 2 — Database Schema and Backend Foundation.

Sprint Goal: Implement the core database schema and backend structure based on the KB data model.

Task: Create BaseEntity and common exception classes

Production Gate: Database must be version-controlled through migrations. Manual database changes are not allowed.",Medium,To Do,Backend foundation,"bwc,solo-scrum,sprint-02,e04,backend,task",Sprint 2 — Database Schema and Backend Foundation
BWC,S2-028,E04,Task,Create global exception handler,"Detailed sprint backlog item from Sprint 2 — Database Schema and Backend Foundation.

Sprint Goal: Implement the core database schema and backend structure based on the KB data model.

Task: Create global exception handler

Production Gate: Database must be version-controlled through migrations. Manual database changes are not allowed.",Medium,To Do,Backend foundation,"bwc,solo-scrum,sprint-02,e04,backend,task",Sprint 2 — Database Schema and Backend Foundation
BWC,S2-029,E04,Task,Create standard API response model,"Detailed sprint backlog item from Sprint 2 — Database Schema and Backend Foundation.

Sprint Goal: Implement the core database schema and backend structure based on the KB data model.

Task: Create standard API response model

Production Gate: Database must be version-controlled through migrations. Manual database changes are not allowed.",Medium,To Do,Backend foundation,"bwc,solo-scrum,sprint-02,e04,backend,task",Sprint 2 — Database Schema and Backend Foundation
BWC,S2-030,E04,Task,Add health endpoint,"Detailed sprint backlog item from Sprint 2 — Database Schema and Backend Foundation.

Sprint Goal: Implement the core database schema and backend structure based on the KB data model.

Task: Add health endpoint

Production Gate: Database must be version-controlled through migrations. Manual database changes are not allowed.",Medium,To Do,Backend foundation,"bwc,solo-scrum,sprint-02,e04,backend,task",Sprint 2 — Database Schema and Backend Foundation
BWC,S3-001,E06,Task,Implement User entity,"Detailed sprint backlog item from Sprint 3 — Authentication, Users, Roles, and Access Control.

Sprint Goal: Implement secure employee login and role-based access control.

Task: Implement User entity

Production Gate: No protected resource may be accessible without authentication and correct role authorization.",Highest,To Do,"Authentication, users, and roles","bwc,solo-scrum,sprint-03,e06,authentication-and-roles,task","Sprint 3 — Authentication, Users, Roles, and Access Control"
BWC,S3-002,E06,Task,Implement Role entity,"Detailed sprint backlog item from Sprint 3 — Authentication, Users, Roles, and Access Control.

Sprint Goal: Implement secure employee login and role-based access control.

Task: Implement Role entity

Production Gate: No protected resource may be accessible without authentication and correct role authorization.",Highest,To Do,"Authentication, users, and roles","bwc,solo-scrum,sprint-03,e06,authentication-and-roles,task","Sprint 3 — Authentication, Users, Roles, and Access Control"
BWC,S3-003,E06,Task,Implement UserRepository and RoleRepository,"Detailed sprint backlog item from Sprint 3 — Authentication, Users, Roles, and Access Control.

Sprint Goal: Implement secure employee login and role-based access control.

Task: Implement UserRepository and RoleRepository

Production Gate: No protected resource may be accessible without authentication and correct role authorization.",Highest,To Do,"Authentication, users, and roles","bwc,solo-scrum,sprint-03,e06,authentication-and-roles,task","Sprint 3 — Authentication, Users, Roles, and Access Control"
BWC,S3-004,E06,Task,Implement password hashing with BCrypt,"Detailed sprint backlog item from Sprint 3 — Authentication, Users, Roles, and Access Control.

Sprint Goal: Implement secure employee login and role-based access control.

Task: Implement password hashing with BCrypt

Production Gate: No protected resource may be accessible without authentication and correct role authorization.",Highest,To Do,"Authentication, users, and roles","bwc,solo-scrum,sprint-03,e06,authentication-and-roles,task","Sprint 3 — Authentication, Users, Roles, and Access Control"
BWC,S3-005,E06,Task,Implement AuthService,"Detailed sprint backlog item from Sprint 3 — Authentication, Users, Roles, and Access Control.

Sprint Goal: Implement secure employee login and role-based access control.

Task: Implement AuthService

Production Gate: No protected resource may be accessible without authentication and correct role authorization.",Highest,To Do,"Authentication, users, and roles","bwc,solo-scrum,sprint-03,e06,authentication-and-roles,task","Sprint 3 — Authentication, Users, Roles, and Access Control"
BWC,S3-006,E06,Task,Implement JwtService or secure session service,"Detailed sprint backlog item from Sprint 3 — Authentication, Users, Roles, and Access Control.

Sprint Goal: Implement secure employee login and role-based access control.

Task: Implement JwtService or secure session service

Production Gate: No protected resource may be accessible without authentication and correct role authorization.",Highest,To Do,"Authentication, users, and roles","bwc,solo-scrum,sprint-03,e06,authentication-and-roles,task","Sprint 3 — Authentication, Users, Roles, and Access Control"
BWC,S3-007,E06,Task,Implement login endpoint,"Detailed sprint backlog item from Sprint 3 — Authentication, Users, Roles, and Access Control.

Sprint Goal: Implement secure employee login and role-based access control.

Task: Implement login endpoint

Production Gate: No protected resource may be accessible without authentication and correct role authorization.",Highest,To Do,"Authentication, users, and roles","bwc,solo-scrum,sprint-03,e06,authentication-and-roles,task","Sprint 3 — Authentication, Users, Roles, and Access Control"
BWC,S3-008,E06,Task,Implement refresh token/session refresh endpoint,"Detailed sprint backlog item from Sprint 3 — Authentication, Users, Roles, and Access Control.

Sprint Goal: Implement secure employee login and role-based access control.

Task: Implement refresh token/session refresh endpoint

Production Gate: No protected resource may be accessible without authentication and correct role authorization.",Highest,To Do,"Authentication, users, and roles","bwc,solo-scrum,sprint-03,e06,authentication-and-roles,task","Sprint 3 — Authentication, Users, Roles, and Access Control"
BWC,S3-009,E06,Task,Implement logout endpoint,"Detailed sprint backlog item from Sprint 3 — Authentication, Users, Roles, and Access Control.

Sprint Goal: Implement secure employee login and role-based access control.

Task: Implement logout endpoint

Production Gate: No protected resource may be accessible without authentication and correct role authorization.",Highest,To Do,"Authentication, users, and roles","bwc,solo-scrum,sprint-03,e06,authentication-and-roles,task","Sprint 3 — Authentication, Users, Roles, and Access Control"
BWC,S3-010,E06,Task,Implement /me endpoint,"Detailed sprint backlog item from Sprint 3 — Authentication, Users, Roles, and Access Control.

Sprint Goal: Implement secure employee login and role-based access control.

Task: Implement /me endpoint

Production Gate: No protected resource may be accessible without authentication and correct role authorization.",Highest,To Do,"Authentication, users, and roles","bwc,solo-scrum,sprint-03,e06,authentication-and-roles,task","Sprint 3 — Authentication, Users, Roles, and Access Control"
BWC,S3-011,E06,Task,Implement Spring Security configuration,"Detailed sprint backlog item from Sprint 3 — Authentication, Users, Roles, and Access Control.

Sprint Goal: Implement secure employee login and role-based access control.

Task: Implement Spring Security configuration

Production Gate: No protected resource may be accessible without authentication and correct role authorization.",Highest,To Do,"Authentication, users, and roles","bwc,solo-scrum,sprint-03,e06,authentication-and-roles,task","Sprint 3 — Authentication, Users, Roles, and Access Control"
BWC,S3-012,E06,Task,Implement method/endpoint authorization,"Detailed sprint backlog item from Sprint 3 — Authentication, Users, Roles, and Access Control.

Sprint Goal: Implement secure employee login and role-based access control.

Task: Implement method/endpoint authorization

Production Gate: No protected resource may be accessible without authentication and correct role authorization.",Highest,To Do,"Authentication, users, and roles","bwc,solo-scrum,sprint-03,e06,authentication-and-roles,task","Sprint 3 — Authentication, Users, Roles, and Access Control"
BWC,S3-013,E06,Task,Implement UserService,"Detailed sprint backlog item from Sprint 3 — Authentication, Users, Roles, and Access Control.

Sprint Goal: Implement secure employee login and role-based access control.

Task: Implement UserService

Production Gate: No protected resource may be accessible without authentication and correct role authorization.",Highest,To Do,"Authentication, users, and roles","bwc,solo-scrum,sprint-03,e06,authentication-and-roles,task","Sprint 3 — Authentication, Users, Roles, and Access Control"
BWC,S3-014,E06,Task,Implement UserController,"Detailed sprint backlog item from Sprint 3 — Authentication, Users, Roles, and Access Control.

Sprint Goal: Implement secure employee login and role-based access control.

Task: Implement UserController

Production Gate: No protected resource may be accessible without authentication and correct role authorization.",Highest,To Do,"Authentication, users, and roles","bwc,solo-scrum,sprint-03,e06,authentication-and-roles,task","Sprint 3 — Authentication, Users, Roles, and Access Control"
BWC,S3-015,E06,Task,Implement create user,"Detailed sprint backlog item from Sprint 3 — Authentication, Users, Roles, and Access Control.

Sprint Goal: Implement secure employee login and role-based access control.

Task: Implement create user

Production Gate: No protected resource may be accessible without authentication and correct role authorization.",Highest,To Do,"Authentication, users, and roles","bwc,solo-scrum,sprint-03,e06,authentication-and-roles,task","Sprint 3 — Authentication, Users, Roles, and Access Control"
BWC,S3-016,E06,Task,Implement update user,"Detailed sprint backlog item from Sprint 3 — Authentication, Users, Roles, and Access Control.

Sprint Goal: Implement secure employee login and role-based access control.

Task: Implement update user

Production Gate: No protected resource may be accessible without authentication and correct role authorization.",Highest,To Do,"Authentication, users, and roles","bwc,solo-scrum,sprint-03,e06,authentication-and-roles,task","Sprint 3 — Authentication, Users, Roles, and Access Control"
BWC,S3-017,E06,Task,Implement disable user,"Detailed sprint backlog item from Sprint 3 — Authentication, Users, Roles, and Access Control.

Sprint Goal: Implement secure employee login and role-based access control.

Task: Implement disable user

Production Gate: No protected resource may be accessible without authentication and correct role authorization.",Highest,To Do,"Authentication, users, and roles","bwc,solo-scrum,sprint-03,e06,authentication-and-roles,task","Sprint 3 — Authentication, Users, Roles, and Access Control"
BWC,S3-018,E06,Task,Implement assign role,"Detailed sprint backlog item from Sprint 3 — Authentication, Users, Roles, and Access Control.

Sprint Goal: Implement secure employee login and role-based access control.

Task: Implement assign role

Production Gate: No protected resource may be accessible without authentication and correct role authorization.",Highest,To Do,"Authentication, users, and roles","bwc,solo-scrum,sprint-03,e06,authentication-and-roles,task","Sprint 3 — Authentication, Users, Roles, and Access Control"
BWC,S3-019,E06,Task,Implement login rate-limit placeholder,"Detailed sprint backlog item from Sprint 3 — Authentication, Users, Roles, and Access Control.

Sprint Goal: Implement secure employee login and role-based access control.

Task: Implement login rate-limit placeholder

Production Gate: No protected resource may be accessible without authentication and correct role authorization.",Highest,To Do,"Authentication, users, and roles","bwc,solo-scrum,sprint-03,e06,authentication-and-roles,task","Sprint 3 — Authentication, Users, Roles, and Access Control"
BWC,S3-020,E06,Task,Implement frontend login page,"Detailed sprint backlog item from Sprint 3 — Authentication, Users, Roles, and Access Control.

Sprint Goal: Implement secure employee login and role-based access control.

Task: Implement frontend login page

Production Gate: No protected resource may be accessible without authentication and correct role authorization.",Highest,To Do,"Authentication, users, and roles","bwc,solo-scrum,sprint-03,e06,authentication-and-roles,task","Sprint 3 — Authentication, Users, Roles, and Access Control"
BWC,S3-021,E06,Task,Implement auth provider/state,"Detailed sprint backlog item from Sprint 3 — Authentication, Users, Roles, and Access Control.

Sprint Goal: Implement secure employee login and role-based access control.

Task: Implement auth provider/state

Production Gate: No protected resource may be accessible without authentication and correct role authorization.",Highest,To Do,"Authentication, users, and roles","bwc,solo-scrum,sprint-03,e06,authentication-and-roles,task","Sprint 3 — Authentication, Users, Roles, and Access Control"
BWC,S3-022,E06,Task,Implement protected routes,"Detailed sprint backlog item from Sprint 3 — Authentication, Users, Roles, and Access Control.

Sprint Goal: Implement secure employee login and role-based access control.

Task: Implement protected routes

Production Gate: No protected resource may be accessible without authentication and correct role authorization.",Highest,To Do,"Authentication, users, and roles","bwc,solo-scrum,sprint-03,e06,authentication-and-roles,task","Sprint 3 — Authentication, Users, Roles, and Access Control"
BWC,S3-023,E06,Task,Implement role-based navigation,"Detailed sprint backlog item from Sprint 3 — Authentication, Users, Roles, and Access Control.

Sprint Goal: Implement secure employee login and role-based access control.

Task: Implement role-based navigation

Production Gate: No protected resource may be accessible without authentication and correct role authorization.",Highest,To Do,"Authentication, users, and roles","bwc,solo-scrum,sprint-03,e06,authentication-and-roles,task","Sprint 3 — Authentication, Users, Roles, and Access Control"
BWC,S3-024,E06,Task,Add audit log for user/role changes,"Detailed sprint backlog item from Sprint 3 — Authentication, Users, Roles, and Access Control.

Sprint Goal: Implement secure employee login and role-based access control.

Task: Add audit log for user/role changes

Production Gate: No protected resource may be accessible without authentication and correct role authorization.",Highest,To Do,"Authentication, users, and roles","bwc,solo-scrum,sprint-03,e06,authentication-and-roles,task","Sprint 3 — Authentication, Users, Roles, and Access Control"
BWC,S3-025,E06,Task,Add tests for role access,"Detailed sprint backlog item from Sprint 3 — Authentication, Users, Roles, and Access Control.

Sprint Goal: Implement secure employee login and role-based access control.

Task: Add tests for role access

Production Gate: No protected resource may be accessible without authentication and correct role authorization.",Highest,To Do,"Authentication, users, and roles","bwc,solo-scrum,sprint-03,e06,authentication-and-roles,task","Sprint 3 — Authentication, Users, Roles, and Access Control"
BWC,S4-001,E07,Task,Implement Customer entity,"Detailed sprint backlog item from Sprint 4 — Customer, Prospect, and Beneficiary Management.

Sprint Goal: Build the CRM foundation for customers, prospects, and beneficiaries.

Task: Implement Customer entity

Production Gate: Customer data must use validation, pagination, soft delete, and role-based access.",High,To Do,Customer and prospect management,"bwc,solo-scrum,sprint-04,e07,customers,task","Sprint 4 — Customer, Prospect, and Beneficiary Management"
BWC,S4-002,E08,Task,Implement Beneficiary entity,"Detailed sprint backlog item from Sprint 4 — Customer, Prospect, and Beneficiary Management.

Sprint Goal: Build the CRM foundation for customers, prospects, and beneficiaries.

Task: Implement Beneficiary entity

Production Gate: Customer data must use validation, pagination, soft delete, and role-based access.",High,To Do,Beneficiary management,"bwc,solo-scrum,sprint-04,e08,beneficiaries,task","Sprint 4 — Customer, Prospect, and Beneficiary Management"
BWC,S4-003,E07,Task,Implement CustomerRepository,"Detailed sprint backlog item from Sprint 4 — Customer, Prospect, and Beneficiary Management.

Sprint Goal: Build the CRM foundation for customers, prospects, and beneficiaries.

Task: Implement CustomerRepository

Production Gate: Customer data must use validation, pagination, soft delete, and role-based access.",High,To Do,Customer and prospect management,"bwc,solo-scrum,sprint-04,e07,customers,task","Sprint 4 — Customer, Prospect, and Beneficiary Management"
BWC,S4-004,E08,Task,Implement BeneficiaryRepository,"Detailed sprint backlog item from Sprint 4 — Customer, Prospect, and Beneficiary Management.

Sprint Goal: Build the CRM foundation for customers, prospects, and beneficiaries.

Task: Implement BeneficiaryRepository

Production Gate: Customer data must use validation, pagination, soft delete, and role-based access.",High,To Do,Beneficiary management,"bwc,solo-scrum,sprint-04,e08,beneficiaries,task","Sprint 4 — Customer, Prospect, and Beneficiary Management"
BWC,S4-005,E07,Task,Implement CustomerService,"Detailed sprint backlog item from Sprint 4 — Customer, Prospect, and Beneficiary Management.

Sprint Goal: Build the CRM foundation for customers, prospects, and beneficiaries.

Task: Implement CustomerService

Production Gate: Customer data must use validation, pagination, soft delete, and role-based access.",High,To Do,Customer and prospect management,"bwc,solo-scrum,sprint-04,e07,customers,task","Sprint 4 — Customer, Prospect, and Beneficiary Management"
BWC,S4-006,E08,Task,Implement BeneficiaryService,"Detailed sprint backlog item from Sprint 4 — Customer, Prospect, and Beneficiary Management.

Sprint Goal: Build the CRM foundation for customers, prospects, and beneficiaries.

Task: Implement BeneficiaryService

Production Gate: Customer data must use validation, pagination, soft delete, and role-based access.",High,To Do,Beneficiary management,"bwc,solo-scrum,sprint-04,e08,beneficiaries,task","Sprint 4 — Customer, Prospect, and Beneficiary Management"
BWC,S4-007,E07,Task,Implement CustomerController,"Detailed sprint backlog item from Sprint 4 — Customer, Prospect, and Beneficiary Management.

Sprint Goal: Build the CRM foundation for customers, prospects, and beneficiaries.

Task: Implement CustomerController

Production Gate: Customer data must use validation, pagination, soft delete, and role-based access.",High,To Do,Customer and prospect management,"bwc,solo-scrum,sprint-04,e07,customers,task","Sprint 4 — Customer, Prospect, and Beneficiary Management"
BWC,S4-008,E08,Task,Implement BeneficiaryController,"Detailed sprint backlog item from Sprint 4 — Customer, Prospect, and Beneficiary Management.

Sprint Goal: Build the CRM foundation for customers, prospects, and beneficiaries.

Task: Implement BeneficiaryController

Production Gate: Customer data must use validation, pagination, soft delete, and role-based access.",High,To Do,Beneficiary management,"bwc,solo-scrum,sprint-04,e08,beneficiaries,task","Sprint 4 — Customer, Prospect, and Beneficiary Management"
BWC,S4-009,E07,Task,Add customer create endpoint,"Detailed sprint backlog item from Sprint 4 — Customer, Prospect, and Beneficiary Management.

Sprint Goal: Build the CRM foundation for customers, prospects, and beneficiaries.

Task: Add customer create endpoint

Production Gate: Customer data must use validation, pagination, soft delete, and role-based access.",High,To Do,Customer and prospect management,"bwc,solo-scrum,sprint-04,e07,customers,task","Sprint 4 — Customer, Prospect, and Beneficiary Management"
BWC,S4-010,E07,Task,Add customer update endpoint,"Detailed sprint backlog item from Sprint 4 — Customer, Prospect, and Beneficiary Management.

Sprint Goal: Build the CRM foundation for customers, prospects, and beneficiaries.

Task: Add customer update endpoint

Production Gate: Customer data must use validation, pagination, soft delete, and role-based access.",High,To Do,Customer and prospect management,"bwc,solo-scrum,sprint-04,e07,customers,task","Sprint 4 — Customer, Prospect, and Beneficiary Management"
BWC,S4-011,E07,Task,Add customer soft-delete endpoint,"Detailed sprint backlog item from Sprint 4 — Customer, Prospect, and Beneficiary Management.

Sprint Goal: Build the CRM foundation for customers, prospects, and beneficiaries.

Task: Add customer soft-delete endpoint

Production Gate: Customer data must use validation, pagination, soft delete, and role-based access.",High,To Do,Customer and prospect management,"bwc,solo-scrum,sprint-04,e07,customers,task","Sprint 4 — Customer, Prospect, and Beneficiary Management"
BWC,S4-012,E07,Task,Add paginated customer list endpoint,"Detailed sprint backlog item from Sprint 4 — Customer, Prospect, and Beneficiary Management.

Sprint Goal: Build the CRM foundation for customers, prospects, and beneficiaries.

Task: Add paginated customer list endpoint

Production Gate: Customer data must use validation, pagination, soft delete, and role-based access.",High,To Do,Customer and prospect management,"bwc,solo-scrum,sprint-04,e07,customers,task","Sprint 4 — Customer, Prospect, and Beneficiary Management"
BWC,S4-013,E07,Task,Add customer search and filters,"Detailed sprint backlog item from Sprint 4 — Customer, Prospect, and Beneficiary Management.

Sprint Goal: Build the CRM foundation for customers, prospects, and beneficiaries.

Task: Add customer search and filters

Production Gate: Customer data must use validation, pagination, soft delete, and role-based access.",High,To Do,Customer and prospect management,"bwc,solo-scrum,sprint-04,e07,customers,task","Sprint 4 — Customer, Prospect, and Beneficiary Management"
BWC,S4-014,E07,Task,Add customer profile endpoint,"Detailed sprint backlog item from Sprint 4 — Customer, Prospect, and Beneficiary Management.

Sprint Goal: Build the CRM foundation for customers, prospects, and beneficiaries.

Task: Add customer profile endpoint

Production Gate: Customer data must use validation, pagination, soft delete, and role-based access.",High,To Do,Customer and prospect management,"bwc,solo-scrum,sprint-04,e07,customers,task","Sprint 4 — Customer, Prospect, and Beneficiary Management"
BWC,S4-015,E08,Task,Add beneficiary create endpoint,"Detailed sprint backlog item from Sprint 4 — Customer, Prospect, and Beneficiary Management.

Sprint Goal: Build the CRM foundation for customers, prospects, and beneficiaries.

Task: Add beneficiary create endpoint

Production Gate: Customer data must use validation, pagination, soft delete, and role-based access.",High,To Do,Beneficiary management,"bwc,solo-scrum,sprint-04,e08,beneficiaries,task","Sprint 4 — Customer, Prospect, and Beneficiary Management"
BWC,S4-016,E08,Task,Add beneficiary update endpoint,"Detailed sprint backlog item from Sprint 4 — Customer, Prospect, and Beneficiary Management.

Sprint Goal: Build the CRM foundation for customers, prospects, and beneficiaries.

Task: Add beneficiary update endpoint

Production Gate: Customer data must use validation, pagination, soft delete, and role-based access.",High,To Do,Beneficiary management,"bwc,solo-scrum,sprint-04,e08,beneficiaries,task","Sprint 4 — Customer, Prospect, and Beneficiary Management"
BWC,S4-017,E08,Task,Add guardian fields,"Detailed sprint backlog item from Sprint 4 — Customer, Prospect, and Beneficiary Management.

Sprint Goal: Build the CRM foundation for customers, prospects, and beneficiaries.

Task: Add guardian fields

Production Gate: Customer data must use validation, pagination, soft delete, and role-based access.",High,To Do,Beneficiary management,"bwc,solo-scrum,sprint-04,e08,beneficiaries,task","Sprint 4 — Customer, Prospect, and Beneficiary Management"
BWC,S4-018,E07,Task,Add CSV import for customers/prospects,"Detailed sprint backlog item from Sprint 4 — Customer, Prospect, and Beneficiary Management.

Sprint Goal: Build the CRM foundation for customers, prospects, and beneficiaries.

Task: Add CSV import for customers/prospects

Production Gate: Customer data must use validation, pagination, soft delete, and role-based access.",High,To Do,Customer and prospect management,"bwc,solo-scrum,sprint-04,e07,customers,task","Sprint 4 — Customer, Prospect, and Beneficiary Management"
BWC,S4-019,E07,Task,Implement frontend Customers page,"Detailed sprint backlog item from Sprint 4 — Customer, Prospect, and Beneficiary Management.

Sprint Goal: Build the CRM foundation for customers, prospects, and beneficiaries.

Task: Implement frontend Customers page

Production Gate: Customer data must use validation, pagination, soft delete, and role-based access.",High,To Do,Customer and prospect management,"bwc,solo-scrum,sprint-04,e07,customers,task","Sprint 4 — Customer, Prospect, and Beneficiary Management"
BWC,S4-020,E07,Task,Implement customer form,"Detailed sprint backlog item from Sprint 4 — Customer, Prospect, and Beneficiary Management.

Sprint Goal: Build the CRM foundation for customers, prospects, and beneficiaries.

Task: Implement customer form

Production Gate: Customer data must use validation, pagination, soft delete, and role-based access.",High,To Do,Customer and prospect management,"bwc,solo-scrum,sprint-04,e07,customers,task","Sprint 4 — Customer, Prospect, and Beneficiary Management"
BWC,S4-021,E07,Task,Implement Customer Details page,"Detailed sprint backlog item from Sprint 4 — Customer, Prospect, and Beneficiary Management.

Sprint Goal: Build the CRM foundation for customers, prospects, and beneficiaries.

Task: Implement Customer Details page

Production Gate: Customer data must use validation, pagination, soft delete, and role-based access.",High,To Do,Customer and prospect management,"bwc,solo-scrum,sprint-04,e07,customers,task","Sprint 4 — Customer, Prospect, and Beneficiary Management"
BWC,S4-022,E08,Task,Implement Beneficiaries tab,"Detailed sprint backlog item from Sprint 4 — Customer, Prospect, and Beneficiary Management.

Sprint Goal: Build the CRM foundation for customers, prospects, and beneficiaries.

Task: Implement Beneficiaries tab

Production Gate: Customer data must use validation, pagination, soft delete, and role-based access.",High,To Do,Beneficiary management,"bwc,solo-scrum,sprint-04,e08,beneficiaries,task","Sprint 4 — Customer, Prospect, and Beneficiary Management"
BWC,S4-023,E07,Task,Add role-based customer UI access,"Detailed sprint backlog item from Sprint 4 — Customer, Prospect, and Beneficiary Management.

Sprint Goal: Build the CRM foundation for customers, prospects, and beneficiaries.

Task: Add role-based customer UI access

Production Gate: Customer data must use validation, pagination, soft delete, and role-based access.",High,To Do,Customer and prospect management,"bwc,solo-scrum,sprint-04,e07,customers,task","Sprint 4 — Customer, Prospect, and Beneficiary Management"
BWC,S4-024,E07,Task,Add validation tests,"Detailed sprint backlog item from Sprint 4 — Customer, Prospect, and Beneficiary Management.

Sprint Goal: Build the CRM foundation for customers, prospects, and beneficiaries.

Task: Add validation tests

Production Gate: Customer data must use validation, pagination, soft delete, and role-based access.",High,To Do,Customer and prospect management,"bwc,solo-scrum,sprint-04,e07,customers,task","Sprint 4 — Customer, Prospect, and Beneficiary Management"
BWC,S4-025,E07,Task,Add customer CRUD tests,"Detailed sprint backlog item from Sprint 4 — Customer, Prospect, and Beneficiary Management.

Sprint Goal: Build the CRM foundation for customers, prospects, and beneficiaries.

Task: Add customer CRUD tests

Production Gate: Customer data must use validation, pagination, soft delete, and role-based access.",High,To Do,Customer and prospect management,"bwc,solo-scrum,sprint-04,e07,customers,task","Sprint 4 — Customer, Prospect, and Beneficiary Management"
BWC,S5-001,E09,Task,Implement ConsentRecord entity,"Detailed sprint backlog item from Sprint 5 — Consent, Opt-Out, Do-Not-Contact, and Eligibility.

Sprint Goal: Implement compliance-critical consent logic before campaign features.

Task: Implement ConsentRecord entity

Production Gate: Consent, opt-outs, do-not-contact, guardian consent, and eligibility must not be simulated.",Highest,To Do,"Consent, opt-out, and eligibility","bwc,solo-scrum,sprint-05,e09,consent-and-eligibility,task","Sprint 5 — Consent, Opt-Out, Do-Not-Contact, and Eligibility"
BWC,S5-002,E09,Task,Implement ConsentRepository,"Detailed sprint backlog item from Sprint 5 — Consent, Opt-Out, Do-Not-Contact, and Eligibility.

Sprint Goal: Implement compliance-critical consent logic before campaign features.

Task: Implement ConsentRepository

Production Gate: Consent, opt-outs, do-not-contact, guardian consent, and eligibility must not be simulated.",Highest,To Do,"Consent, opt-out, and eligibility","bwc,solo-scrum,sprint-05,e09,consent-and-eligibility,task","Sprint 5 — Consent, Opt-Out, Do-Not-Contact, and Eligibility"
BWC,S5-003,E09,Task,Implement ConsentService,"Detailed sprint backlog item from Sprint 5 — Consent, Opt-Out, Do-Not-Contact, and Eligibility.

Sprint Goal: Implement compliance-critical consent logic before campaign features.

Task: Implement ConsentService

Production Gate: Consent, opt-outs, do-not-contact, guardian consent, and eligibility must not be simulated.",Highest,To Do,"Consent, opt-out, and eligibility","bwc,solo-scrum,sprint-05,e09,consent-and-eligibility,task","Sprint 5 — Consent, Opt-Out, Do-Not-Contact, and Eligibility"
BWC,S5-004,E09,Task,Implement ConsentController,"Detailed sprint backlog item from Sprint 5 — Consent, Opt-Out, Do-Not-Contact, and Eligibility.

Sprint Goal: Implement compliance-critical consent logic before campaign features.

Task: Implement ConsentController

Production Gate: Consent, opt-outs, do-not-contact, guardian consent, and eligibility must not be simulated.",Highest,To Do,"Consent, opt-out, and eligibility","bwc,solo-scrum,sprint-05,e09,consent-and-eligibility,task","Sprint 5 — Consent, Opt-Out, Do-Not-Contact, and Eligibility"
BWC,S5-005,E09,Task,Add record consent endpoint,"Detailed sprint backlog item from Sprint 5 — Consent, Opt-Out, Do-Not-Contact, and Eligibility.

Sprint Goal: Implement compliance-critical consent logic before campaign features.

Task: Add record consent endpoint

Production Gate: Consent, opt-outs, do-not-contact, guardian consent, and eligibility must not be simulated.",Highest,To Do,"Consent, opt-out, and eligibility","bwc,solo-scrum,sprint-05,e09,consent-and-eligibility,task","Sprint 5 — Consent, Opt-Out, Do-Not-Contact, and Eligibility"
BWC,S5-006,E09,Task,Add withdraw consent endpoint,"Detailed sprint backlog item from Sprint 5 — Consent, Opt-Out, Do-Not-Contact, and Eligibility.

Sprint Goal: Implement compliance-critical consent logic before campaign features.

Task: Add withdraw consent endpoint

Production Gate: Consent, opt-outs, do-not-contact, guardian consent, and eligibility must not be simulated.",Highest,To Do,"Consent, opt-out, and eligibility","bwc,solo-scrum,sprint-05,e09,consent-and-eligibility,task","Sprint 5 — Consent, Opt-Out, Do-Not-Contact, and Eligibility"
BWC,S5-007,E09,Task,Add consent status endpoint,"Detailed sprint backlog item from Sprint 5 — Consent, Opt-Out, Do-Not-Contact, and Eligibility.

Sprint Goal: Implement compliance-critical consent logic before campaign features.

Task: Add consent status endpoint

Production Gate: Consent, opt-outs, do-not-contact, guardian consent, and eligibility must not be simulated.",Highest,To Do,"Consent, opt-out, and eligibility","bwc,solo-scrum,sprint-05,e09,consent-and-eligibility,task","Sprint 5 — Consent, Opt-Out, Do-Not-Contact, and Eligibility"
BWC,S5-008,E09,Task,Add guardian consent validation,"Detailed sprint backlog item from Sprint 5 — Consent, Opt-Out, Do-Not-Contact, and Eligibility.

Sprint Goal: Implement compliance-critical consent logic before campaign features.

Task: Add guardian consent validation

Production Gate: Consent, opt-outs, do-not-contact, guardian consent, and eligibility must not be simulated.",Highest,To Do,"Consent, opt-out, and eligibility","bwc,solo-scrum,sprint-05,e09,consent-and-eligibility,task","Sprint 5 — Consent, Opt-Out, Do-Not-Contact, and Eligibility"
BWC,S5-009,E09,Task,Add do-not-contact logic,"Detailed sprint backlog item from Sprint 5 — Consent, Opt-Out, Do-Not-Contact, and Eligibility.

Sprint Goal: Implement compliance-critical consent logic before campaign features.

Task: Add do-not-contact logic

Production Gate: Consent, opt-outs, do-not-contact, guardian consent, and eligibility must not be simulated.",Highest,To Do,"Consent, opt-out, and eligibility","bwc,solo-scrum,sprint-05,e09,consent-and-eligibility,task","Sprint 5 — Consent, Opt-Out, Do-Not-Contact, and Eligibility"
BWC,S5-010,E09,Task,Add opt-out logic,"Detailed sprint backlog item from Sprint 5 — Consent, Opt-Out, Do-Not-Contact, and Eligibility.

Sprint Goal: Implement compliance-critical consent logic before campaign features.

Task: Add opt-out logic

Production Gate: Consent, opt-outs, do-not-contact, guardian consent, and eligibility must not be simulated.",Highest,To Do,"Consent, opt-out, and eligibility","bwc,solo-scrum,sprint-05,e09,consent-and-eligibility,task","Sprint 5 — Consent, Opt-Out, Do-Not-Contact, and Eligibility"
BWC,S5-011,E09,Task,Implement EligibilityService,"Detailed sprint backlog item from Sprint 5 — Consent, Opt-Out, Do-Not-Contact, and Eligibility.

Sprint Goal: Implement compliance-critical consent logic before campaign features.

Task: Implement EligibilityService

Production Gate: Consent, opt-outs, do-not-contact, guardian consent, and eligibility must not be simulated.",Highest,To Do,"Consent, opt-out, and eligibility","bwc,solo-scrum,sprint-05,e09,consent-and-eligibility,task","Sprint 5 — Consent, Opt-Out, Do-Not-Contact, and Eligibility"
BWC,S5-012,E09,Task,Implement hasValidMarketingConsent,"Detailed sprint backlog item from Sprint 5 — Consent, Opt-Out, Do-Not-Contact, and Eligibility.

Sprint Goal: Implement compliance-critical consent logic before campaign features.

Task: Implement hasValidMarketingConsent

Production Gate: Consent, opt-outs, do-not-contact, guardian consent, and eligibility must not be simulated.",Highest,To Do,"Consent, opt-out, and eligibility","bwc,solo-scrum,sprint-05,e09,consent-and-eligibility,task","Sprint 5 — Consent, Opt-Out, Do-Not-Contact, and Eligibility"
BWC,S5-013,E09,Task,Implement hasValidGuardianConsent,"Detailed sprint backlog item from Sprint 5 — Consent, Opt-Out, Do-Not-Contact, and Eligibility.

Sprint Goal: Implement compliance-critical consent logic before campaign features.

Task: Implement hasValidGuardianConsent

Production Gate: Consent, opt-outs, do-not-contact, guardian consent, and eligibility must not be simulated.",Highest,To Do,"Consent, opt-out, and eligibility","bwc,solo-scrum,sprint-05,e09,consent-and-eligibility,task","Sprint 5 — Consent, Opt-Out, Do-Not-Contact, and Eligibility"
BWC,S5-014,E09,Task,Implement isCommunicationEligible,"Detailed sprint backlog item from Sprint 5 — Consent, Opt-Out, Do-Not-Contact, and Eligibility.

Sprint Goal: Implement compliance-critical consent logic before campaign features.

Task: Implement isCommunicationEligible

Production Gate: Consent, opt-outs, do-not-contact, guardian consent, and eligibility must not be simulated.",Highest,To Do,"Consent, opt-out, and eligibility","bwc,solo-scrum,sprint-05,e09,consent-and-eligibility,task","Sprint 5 — Consent, Opt-Out, Do-Not-Contact, and Eligibility"
BWC,S5-015,E09,Task,Implement exclusion reason generation,"Detailed sprint backlog item from Sprint 5 — Consent, Opt-Out, Do-Not-Contact, and Eligibility.

Sprint Goal: Implement compliance-critical consent logic before campaign features.

Task: Implement exclusion reason generation

Production Gate: Consent, opt-outs, do-not-contact, guardian consent, and eligibility must not be simulated.",Highest,To Do,"Consent, opt-out, and eligibility","bwc,solo-scrum,sprint-05,e09,consent-and-eligibility,task","Sprint 5 — Consent, Opt-Out, Do-Not-Contact, and Eligibility"
BWC,S5-016,E09,Task,Add consent tab in Customer Details,"Detailed sprint backlog item from Sprint 5 — Consent, Opt-Out, Do-Not-Contact, and Eligibility.

Sprint Goal: Implement compliance-critical consent logic before campaign features.

Task: Add consent tab in Customer Details

Production Gate: Consent, opt-outs, do-not-contact, guardian consent, and eligibility must not be simulated.",Highest,To Do,"Consent, opt-out, and eligibility","bwc,solo-scrum,sprint-05,e09,consent-and-eligibility,task","Sprint 5 — Consent, Opt-Out, Do-Not-Contact, and Eligibility"
BWC,S5-017,E09,Task,Add compliance dashboard alerts,"Detailed sprint backlog item from Sprint 5 — Consent, Opt-Out, Do-Not-Contact, and Eligibility.

Sprint Goal: Implement compliance-critical consent logic before campaign features.

Task: Add compliance dashboard alerts

Production Gate: Consent, opt-outs, do-not-contact, guardian consent, and eligibility must not be simulated.",Highest,To Do,"Consent, opt-out, and eligibility","bwc,solo-scrum,sprint-05,e09,consent-and-eligibility,task","Sprint 5 — Consent, Opt-Out, Do-Not-Contact, and Eligibility"
BWC,S5-018,E09,Task,Add audit logging for consent changes,"Detailed sprint backlog item from Sprint 5 — Consent, Opt-Out, Do-Not-Contact, and Eligibility.

Sprint Goal: Implement compliance-critical consent logic before campaign features.

Task: Add audit logging for consent changes

Production Gate: Consent, opt-outs, do-not-contact, guardian consent, and eligibility must not be simulated.",Highest,To Do,"Consent, opt-out, and eligibility","bwc,solo-scrum,sprint-05,e09,consent-and-eligibility,task","Sprint 5 — Consent, Opt-Out, Do-Not-Contact, and Eligibility"
BWC,S5-019,E09,Task,Add tests for consent rules,"Detailed sprint backlog item from Sprint 5 — Consent, Opt-Out, Do-Not-Contact, and Eligibility.

Sprint Goal: Implement compliance-critical consent logic before campaign features.

Task: Add tests for consent rules

Production Gate: Consent, opt-outs, do-not-contact, guardian consent, and eligibility must not be simulated.",Highest,To Do,"Consent, opt-out, and eligibility","bwc,solo-scrum,sprint-05,e09,consent-and-eligibility,task","Sprint 5 — Consent, Opt-Out, Do-Not-Contact, and Eligibility"
BWC,S5-020,E09,Task,Add tests for do-not-contact exclusion,"Detailed sprint backlog item from Sprint 5 — Consent, Opt-Out, Do-Not-Contact, and Eligibility.

Sprint Goal: Implement compliance-critical consent logic before campaign features.

Task: Add tests for do-not-contact exclusion

Production Gate: Consent, opt-outs, do-not-contact, guardian consent, and eligibility must not be simulated.",Highest,To Do,"Consent, opt-out, and eligibility","bwc,solo-scrum,sprint-05,e09,consent-and-eligibility,task","Sprint 5 — Consent, Opt-Out, Do-Not-Contact, and Eligibility"
BWC,S5-021,E09,Task,Add tests for guardian consent exclusion,"Detailed sprint backlog item from Sprint 5 — Consent, Opt-Out, Do-Not-Contact, and Eligibility.

Sprint Goal: Implement compliance-critical consent logic before campaign features.

Task: Add tests for guardian consent exclusion

Production Gate: Consent, opt-outs, do-not-contact, guardian consent, and eligibility must not be simulated.",Highest,To Do,"Consent, opt-out, and eligibility","bwc,solo-scrum,sprint-05,e09,consent-and-eligibility,task","Sprint 5 — Consent, Opt-Out, Do-Not-Contact, and Eligibility"
BWC,S6-001,E10,Task,Implement Product entity,"Detailed sprint backlog item from Sprint 6 — Product, Product Ownership, Product Change Requests, and Payments.

Sprint Goal: Implement the product and policy-related data required for campaign targeting and reminders.

Task: Implement Product entity

Production Gate: Product and ownership data must support product-expiration campaigns and segmentation.",High,To Do,Product management,"bwc,solo-scrum,sprint-06,e10,products,task","Sprint 6 — Product, Product Ownership, Product Change Requests, and Payments"
BWC,S6-002,E11,Task,Implement ProductOwnership entity,"Detailed sprint backlog item from Sprint 6 — Product, Product Ownership, Product Change Requests, and Payments.

Sprint Goal: Implement the product and policy-related data required for campaign targeting and reminders.

Task: Implement ProductOwnership entity

Production Gate: Product and ownership data must support product-expiration campaigns and segmentation.",High,To Do,Product ownership and payment records,"bwc,solo-scrum,sprint-06,e11,product-ownership-and-payments,task","Sprint 6 — Product, Product Ownership, Product Change Requests, and Payments"
BWC,S6-003,E10,Task,Implement ProductChangeRequest entity,"Detailed sprint backlog item from Sprint 6 — Product, Product Ownership, Product Change Requests, and Payments.

Sprint Goal: Implement the product and policy-related data required for campaign targeting and reminders.

Task: Implement ProductChangeRequest entity

Production Gate: Product and ownership data must support product-expiration campaigns and segmentation.",High,To Do,Product management,"bwc,solo-scrum,sprint-06,e10,products,task","Sprint 6 — Product, Product Ownership, Product Change Requests, and Payments"
BWC,S6-004,E11,Task,Implement PaymentRecord entity,"Detailed sprint backlog item from Sprint 6 — Product, Product Ownership, Product Change Requests, and Payments.

Sprint Goal: Implement the product and policy-related data required for campaign targeting and reminders.

Task: Implement PaymentRecord entity

Production Gate: Product and ownership data must support product-expiration campaigns and segmentation.",High,To Do,Product ownership and payment records,"bwc,solo-scrum,sprint-06,e11,product-ownership-and-payments,task","Sprint 6 — Product, Product Ownership, Product Change Requests, and Payments"
BWC,S6-005,E10,Task,Implement product repositories,"Detailed sprint backlog item from Sprint 6 — Product, Product Ownership, Product Change Requests, and Payments.

Sprint Goal: Implement the product and policy-related data required for campaign targeting and reminders.

Task: Implement product repositories

Production Gate: Product and ownership data must support product-expiration campaigns and segmentation.",High,To Do,Product management,"bwc,solo-scrum,sprint-06,e10,products,task","Sprint 6 — Product, Product Ownership, Product Change Requests, and Payments"
BWC,S6-006,E10,Task,Implement ProductService,"Detailed sprint backlog item from Sprint 6 — Product, Product Ownership, Product Change Requests, and Payments.

Sprint Goal: Implement the product and policy-related data required for campaign targeting and reminders.

Task: Implement ProductService

Production Gate: Product and ownership data must support product-expiration campaigns and segmentation.",High,To Do,Product management,"bwc,solo-scrum,sprint-06,e10,products,task","Sprint 6 — Product, Product Ownership, Product Change Requests, and Payments"
BWC,S6-007,E11,Task,Implement ProductOwnershipService,"Detailed sprint backlog item from Sprint 6 — Product, Product Ownership, Product Change Requests, and Payments.

Sprint Goal: Implement the product and policy-related data required for campaign targeting and reminders.

Task: Implement ProductOwnershipService

Production Gate: Product and ownership data must support product-expiration campaigns and segmentation.",High,To Do,Product ownership and payment records,"bwc,solo-scrum,sprint-06,e11,product-ownership-and-payments,task","Sprint 6 — Product, Product Ownership, Product Change Requests, and Payments"
BWC,S6-008,E10,Task,Implement ProductChangeRequestService,"Detailed sprint backlog item from Sprint 6 — Product, Product Ownership, Product Change Requests, and Payments.

Sprint Goal: Implement the product and policy-related data required for campaign targeting and reminders.

Task: Implement ProductChangeRequestService

Production Gate: Product and ownership data must support product-expiration campaigns and segmentation.",High,To Do,Product management,"bwc,solo-scrum,sprint-06,e10,products,task","Sprint 6 — Product, Product Ownership, Product Change Requests, and Payments"
BWC,S6-009,E11,Task,Implement PaymentRecordService,"Detailed sprint backlog item from Sprint 6 — Product, Product Ownership, Product Change Requests, and Payments.

Sprint Goal: Implement the product and policy-related data required for campaign targeting and reminders.

Task: Implement PaymentRecordService

Production Gate: Product and ownership data must support product-expiration campaigns and segmentation.",High,To Do,Product ownership and payment records,"bwc,solo-scrum,sprint-06,e11,product-ownership-and-payments,task","Sprint 6 — Product, Product Ownership, Product Change Requests, and Payments"
BWC,S6-010,E10,Task,Add product CRUD endpoints,"Detailed sprint backlog item from Sprint 6 — Product, Product Ownership, Product Change Requests, and Payments.

Sprint Goal: Implement the product and policy-related data required for campaign targeting and reminders.

Task: Add product CRUD endpoints

Production Gate: Product and ownership data must support product-expiration campaigns and segmentation.",High,To Do,Product management,"bwc,solo-scrum,sprint-06,e10,products,task","Sprint 6 — Product, Product Ownership, Product Change Requests, and Payments"
BWC,S6-011,E10,Task,Add product search endpoint,"Detailed sprint backlog item from Sprint 6 — Product, Product Ownership, Product Change Requests, and Payments.

Sprint Goal: Implement the product and policy-related data required for campaign targeting and reminders.

Task: Add product search endpoint

Production Gate: Product and ownership data must support product-expiration campaigns and segmentation.",High,To Do,Product management,"bwc,solo-scrum,sprint-06,e10,products,task","Sprint 6 — Product, Product Ownership, Product Change Requests, and Payments"
BWC,S6-012,E10,Task,Add product disable/soft-delete endpoint,"Detailed sprint backlog item from Sprint 6 — Product, Product Ownership, Product Change Requests, and Payments.

Sprint Goal: Implement the product and policy-related data required for campaign targeting and reminders.

Task: Add product disable/soft-delete endpoint

Production Gate: Product and ownership data must support product-expiration campaigns and segmentation.",High,To Do,Product management,"bwc,solo-scrum,sprint-06,e10,products,task","Sprint 6 — Product, Product Ownership, Product Change Requests, and Payments"
BWC,S6-013,E11,Task,Add product ownership assignment,"Detailed sprint backlog item from Sprint 6 — Product, Product Ownership, Product Change Requests, and Payments.

Sprint Goal: Implement the product and policy-related data required for campaign targeting and reminders.

Task: Add product ownership assignment

Production Gate: Product and ownership data must support product-expiration campaigns and segmentation.",High,To Do,Product ownership and payment records,"bwc,solo-scrum,sprint-06,e11,product-ownership-and-payments,task","Sprint 6 — Product, Product Ownership, Product Change Requests, and Payments"
BWC,S6-014,E11,Task,Add product ownership list on customer profile,"Detailed sprint backlog item from Sprint 6 — Product, Product Ownership, Product Change Requests, and Payments.

Sprint Goal: Implement the product and policy-related data required for campaign targeting and reminders.

Task: Add product ownership list on customer profile

Production Gate: Product and ownership data must support product-expiration campaigns and segmentation.",High,To Do,Product ownership and payment records,"bwc,solo-scrum,sprint-06,e11,product-ownership-and-payments,task","Sprint 6 — Product, Product Ownership, Product Change Requests, and Payments"
BWC,S6-015,E11,Task,Add payment record create/update endpoints,"Detailed sprint backlog item from Sprint 6 — Product, Product Ownership, Product Change Requests, and Payments.

Sprint Goal: Implement the product and policy-related data required for campaign targeting and reminders.

Task: Add payment record create/update endpoints

Production Gate: Product and ownership data must support product-expiration campaigns and segmentation.",High,To Do,Product ownership and payment records,"bwc,solo-scrum,sprint-06,e11,product-ownership-and-payments,task","Sprint 6 — Product, Product Ownership, Product Change Requests, and Payments"
BWC,S6-016,E10,Task,Add product-change request workflow,"Detailed sprint backlog item from Sprint 6 — Product, Product Ownership, Product Change Requests, and Payments.

Sprint Goal: Implement the product and policy-related data required for campaign targeting and reminders.

Task: Add product-change request workflow

Production Gate: Product and ownership data must support product-expiration campaigns and segmentation.",High,To Do,Product management,"bwc,solo-scrum,sprint-06,e10,products,task","Sprint 6 — Product, Product Ownership, Product Change Requests, and Payments"
BWC,S6-017,E10,Task,Implement Products page,"Detailed sprint backlog item from Sprint 6 — Product, Product Ownership, Product Change Requests, and Payments.

Sprint Goal: Implement the product and policy-related data required for campaign targeting and reminders.

Task: Implement Products page

Production Gate: Product and ownership data must support product-expiration campaigns and segmentation.",High,To Do,Product management,"bwc,solo-scrum,sprint-06,e10,products,task","Sprint 6 — Product, Product Ownership, Product Change Requests, and Payments"
BWC,S6-018,E10,Task,Implement Product Details page,"Detailed sprint backlog item from Sprint 6 — Product, Product Ownership, Product Change Requests, and Payments.

Sprint Goal: Implement the product and policy-related data required for campaign targeting and reminders.

Task: Implement Product Details page

Production Gate: Product and ownership data must support product-expiration campaigns and segmentation.",High,To Do,Product management,"bwc,solo-scrum,sprint-06,e10,products,task","Sprint 6 — Product, Product Ownership, Product Change Requests, and Payments"
BWC,S6-019,E10,Task,Implement Product Change Requests page,"Detailed sprint backlog item from Sprint 6 — Product, Product Ownership, Product Change Requests, and Payments.

Sprint Goal: Implement the product and policy-related data required for campaign targeting and reminders.

Task: Implement Product Change Requests page

Production Gate: Product and ownership data must support product-expiration campaigns and segmentation.",High,To Do,Product management,"bwc,solo-scrum,sprint-06,e10,products,task","Sprint 6 — Product, Product Ownership, Product Change Requests, and Payments"
BWC,S6-020,E11,Task,Add product ownership tab to Customer Details,"Detailed sprint backlog item from Sprint 6 — Product, Product Ownership, Product Change Requests, and Payments.

Sprint Goal: Implement the product and policy-related data required for campaign targeting and reminders.

Task: Add product ownership tab to Customer Details

Production Gate: Product and ownership data must support product-expiration campaigns and segmentation.",High,To Do,Product ownership and payment records,"bwc,solo-scrum,sprint-06,e11,product-ownership-and-payments,task","Sprint 6 — Product, Product Ownership, Product Change Requests, and Payments"
BWC,S6-021,E10,Task,Add tests for Product Manager permissions,"Detailed sprint backlog item from Sprint 6 — Product, Product Ownership, Product Change Requests, and Payments.

Sprint Goal: Implement the product and policy-related data required for campaign targeting and reminders.

Task: Add tests for Product Manager permissions

Production Gate: Product and ownership data must support product-expiration campaigns and segmentation.",High,To Do,Product management,"bwc,solo-scrum,sprint-06,e10,products,task","Sprint 6 — Product, Product Ownership, Product Change Requests, and Payments"
BWC,S6-022,E10,Task,Add tests for product expiration data,"Detailed sprint backlog item from Sprint 6 — Product, Product Ownership, Product Change Requests, and Payments.

Sprint Goal: Implement the product and policy-related data required for campaign targeting and reminders.

Task: Add tests for product expiration data

Production Gate: Product and ownership data must support product-expiration campaigns and segmentation.",High,To Do,Product management,"bwc,solo-scrum,sprint-06,e10,products,task","Sprint 6 — Product, Product Ownership, Product Change Requests, and Payments"
BWC,S7-001,E12,Task,Implement Segment entity,"Detailed sprint backlog item from Sprint 7 — Segmentation Engine.

Sprint Goal: Build the audience segmentation engine and preview logic.

Task: Implement Segment entity

Production Gate: Segmentation must never return a final campaign audience without eligibility checks.",High,To Do,Segmentation,"bwc,solo-scrum,sprint-07,e12,segmentation,task",Sprint 7 — Segmentation Engine
BWC,S7-002,E12,Task,Implement SegmentCriteria entity,"Detailed sprint backlog item from Sprint 7 — Segmentation Engine.

Sprint Goal: Build the audience segmentation engine and preview logic.

Task: Implement SegmentCriteria entity

Production Gate: Segmentation must never return a final campaign audience without eligibility checks.",High,To Do,Segmentation,"bwc,solo-scrum,sprint-07,e12,segmentation,task",Sprint 7 — Segmentation Engine
BWC,S7-003,E12,Task,Implement SegmentRepository,"Detailed sprint backlog item from Sprint 7 — Segmentation Engine.

Sprint Goal: Build the audience segmentation engine and preview logic.

Task: Implement SegmentRepository

Production Gate: Segmentation must never return a final campaign audience without eligibility checks.",High,To Do,Segmentation,"bwc,solo-scrum,sprint-07,e12,segmentation,task",Sprint 7 — Segmentation Engine
BWC,S7-004,E12,Task,Implement SegmentCriteriaRepository,"Detailed sprint backlog item from Sprint 7 — Segmentation Engine.

Sprint Goal: Build the audience segmentation engine and preview logic.

Task: Implement SegmentCriteriaRepository

Production Gate: Segmentation must never return a final campaign audience without eligibility checks.",High,To Do,Segmentation,"bwc,solo-scrum,sprint-07,e12,segmentation,task",Sprint 7 — Segmentation Engine
BWC,S7-005,E12,Task,Implement SegmentService,"Detailed sprint backlog item from Sprint 7 — Segmentation Engine.

Sprint Goal: Build the audience segmentation engine and preview logic.

Task: Implement SegmentService

Production Gate: Segmentation must never return a final campaign audience without eligibility checks.",High,To Do,Segmentation,"bwc,solo-scrum,sprint-07,e12,segmentation,task",Sprint 7 — Segmentation Engine
BWC,S7-006,E12,Task,Implement SegmentController,"Detailed sprint backlog item from Sprint 7 — Segmentation Engine.

Sprint Goal: Build the audience segmentation engine and preview logic.

Task: Implement SegmentController

Production Gate: Segmentation must never return a final campaign audience without eligibility checks.",High,To Do,Segmentation,"bwc,solo-scrum,sprint-07,e12,segmentation,task",Sprint 7 — Segmentation Engine
BWC,S7-007,E12,Task,Add create segment endpoint,"Detailed sprint backlog item from Sprint 7 — Segmentation Engine.

Sprint Goal: Build the audience segmentation engine and preview logic.

Task: Add create segment endpoint

Production Gate: Segmentation must never return a final campaign audience without eligibility checks.",High,To Do,Segmentation,"bwc,solo-scrum,sprint-07,e12,segmentation,task",Sprint 7 — Segmentation Engine
BWC,S7-008,E12,Task,Add update segment endpoint,"Detailed sprint backlog item from Sprint 7 — Segmentation Engine.

Sprint Goal: Build the audience segmentation engine and preview logic.

Task: Add update segment endpoint

Production Gate: Segmentation must never return a final campaign audience without eligibility checks.",High,To Do,Segmentation,"bwc,solo-scrum,sprint-07,e12,segmentation,task",Sprint 7 — Segmentation Engine
BWC,S7-009,E12,Task,Add delete segment endpoint,"Detailed sprint backlog item from Sprint 7 — Segmentation Engine.

Sprint Goal: Build the audience segmentation engine and preview logic.

Task: Add delete segment endpoint

Production Gate: Segmentation must never return a final campaign audience without eligibility checks.",High,To Do,Segmentation,"bwc,solo-scrum,sprint-07,e12,segmentation,task",Sprint 7 — Segmentation Engine
BWC,S7-010,E12,Task,Add segment preview endpoint,"Detailed sprint backlog item from Sprint 7 — Segmentation Engine.

Sprint Goal: Build the audience segmentation engine and preview logic.

Task: Add segment preview endpoint

Production Gate: Segmentation must never return a final campaign audience without eligibility checks.",High,To Do,Segmentation,"bwc,solo-scrum,sprint-07,e12,segmentation,task",Sprint 7 — Segmentation Engine
BWC,S7-011,E12,Task,Implement filters by age group,"Detailed sprint backlog item from Sprint 7 — Segmentation Engine.

Sprint Goal: Build the audience segmentation engine and preview logic.

Task: Implement filters by age group

Production Gate: Segmentation must never return a final campaign audience without eligibility checks.",High,To Do,Segmentation,"bwc,solo-scrum,sprint-07,e12,segmentation,task",Sprint 7 — Segmentation Engine
BWC,S7-012,E12,Task,Implement filters by location,"Detailed sprint backlog item from Sprint 7 — Segmentation Engine.

Sprint Goal: Build the audience segmentation engine and preview logic.

Task: Implement filters by location

Production Gate: Segmentation must never return a final campaign audience without eligibility checks.",High,To Do,Segmentation,"bwc,solo-scrum,sprint-07,e12,segmentation,task",Sprint 7 — Segmentation Engine
BWC,S7-013,E12,Task,Implement filters by customer type,"Detailed sprint backlog item from Sprint 7 — Segmentation Engine.

Sprint Goal: Build the audience segmentation engine and preview logic.

Task: Implement filters by customer type

Production Gate: Segmentation must never return a final campaign audience without eligibility checks.",High,To Do,Segmentation,"bwc,solo-scrum,sprint-07,e12,segmentation,task",Sprint 7 — Segmentation Engine
BWC,S7-014,E12,Task,Implement filters by product ownership,"Detailed sprint backlog item from Sprint 7 — Segmentation Engine.

Sprint Goal: Build the audience segmentation engine and preview logic.

Task: Implement filters by product ownership

Production Gate: Segmentation must never return a final campaign audience without eligibility checks.",High,To Do,Segmentation,"bwc,solo-scrum,sprint-07,e12,segmentation,task",Sprint 7 — Segmentation Engine
BWC,S7-015,E12,Task,Implement filters by payment history,"Detailed sprint backlog item from Sprint 7 — Segmentation Engine.

Sprint Goal: Build the audience segmentation engine and preview logic.

Task: Implement filters by payment history

Production Gate: Segmentation must never return a final campaign audience without eligibility checks.",High,To Do,Segmentation,"bwc,solo-scrum,sprint-07,e12,segmentation,task",Sprint 7 — Segmentation Engine
BWC,S7-016,E12,Task,Implement filters by consent status,"Detailed sprint backlog item from Sprint 7 — Segmentation Engine.

Sprint Goal: Build the audience segmentation engine and preview logic.

Task: Implement filters by consent status

Production Gate: Segmentation must never return a final campaign audience without eligibility checks.",High,To Do,Segmentation,"bwc,solo-scrum,sprint-07,e12,segmentation,task",Sprint 7 — Segmentation Engine
BWC,S7-017,E12,Task,Implement filters by product expiration,"Detailed sprint backlog item from Sprint 7 — Segmentation Engine.

Sprint Goal: Build the audience segmentation engine and preview logic.

Task: Implement filters by product expiration

Production Gate: Segmentation must never return a final campaign audience without eligibility checks.",High,To Do,Segmentation,"bwc,solo-scrum,sprint-07,e12,segmentation,task",Sprint 7 — Segmentation Engine
BWC,S7-018,E12,Task,Implement AND/OR criteria handling,"Detailed sprint backlog item from Sprint 7 — Segmentation Engine.

Sprint Goal: Build the audience segmentation engine and preview logic.

Task: Implement AND/OR criteria handling

Production Gate: Segmentation must never return a final campaign audience without eligibility checks.",High,To Do,Segmentation,"bwc,solo-scrum,sprint-07,e12,segmentation,task",Sprint 7 — Segmentation Engine
BWC,S7-019,E12,Task,Apply EligibilityService to preview,"Detailed sprint backlog item from Sprint 7 — Segmentation Engine.

Sprint Goal: Build the audience segmentation engine and preview logic.

Task: Apply EligibilityService to preview

Production Gate: Segmentation must never return a final campaign audience without eligibility checks.",High,To Do,Segmentation,"bwc,solo-scrum,sprint-07,e12,segmentation,task",Sprint 7 — Segmentation Engine
BWC,S7-020,E12,Task,Return eligible count and excluded count,"Detailed sprint backlog item from Sprint 7 — Segmentation Engine.

Sprint Goal: Build the audience segmentation engine and preview logic.

Task: Return eligible count and excluded count

Production Gate: Segmentation must never return a final campaign audience without eligibility checks.",High,To Do,Segmentation,"bwc,solo-scrum,sprint-07,e12,segmentation,task",Sprint 7 — Segmentation Engine
BWC,S7-021,E12,Task,Show exclusion reasons summary,"Detailed sprint backlog item from Sprint 7 — Segmentation Engine.

Sprint Goal: Build the audience segmentation engine and preview logic.

Task: Show exclusion reasons summary

Production Gate: Segmentation must never return a final campaign audience without eligibility checks.",High,To Do,Segmentation,"bwc,solo-scrum,sprint-07,e12,segmentation,task",Sprint 7 — Segmentation Engine
BWC,S7-022,E12,Task,Build Segmentation page,"Detailed sprint backlog item from Sprint 7 — Segmentation Engine.

Sprint Goal: Build the audience segmentation engine and preview logic.

Task: Build Segmentation page

Production Gate: Segmentation must never return a final campaign audience without eligibility checks.",High,To Do,Segmentation,"bwc,solo-scrum,sprint-07,e12,segmentation,task",Sprint 7 — Segmentation Engine
BWC,S7-023,E12,Task,Build criteria builder UI,"Detailed sprint backlog item from Sprint 7 — Segmentation Engine.

Sprint Goal: Build the audience segmentation engine and preview logic.

Task: Build criteria builder UI

Production Gate: Segmentation must never return a final campaign audience without eligibility checks.",High,To Do,Segmentation,"bwc,solo-scrum,sprint-07,e12,segmentation,task",Sprint 7 — Segmentation Engine
BWC,S7-024,E12,Task,Add read-only BI Analyst segmentation insight view,"Detailed sprint backlog item from Sprint 7 — Segmentation Engine.

Sprint Goal: Build the audience segmentation engine and preview logic.

Task: Add read-only BI Analyst segmentation insight view

Production Gate: Segmentation must never return a final campaign audience without eligibility checks.",High,To Do,Segmentation,"bwc,solo-scrum,sprint-07,e12,segmentation,task",Sprint 7 — Segmentation Engine
BWC,S7-025,E12,Task,Add tests for segment filtering,"Detailed sprint backlog item from Sprint 7 — Segmentation Engine.

Sprint Goal: Build the audience segmentation engine and preview logic.

Task: Add tests for segment filtering

Production Gate: Segmentation must never return a final campaign audience without eligibility checks.",High,To Do,Segmentation,"bwc,solo-scrum,sprint-07,e12,segmentation,task",Sprint 7 — Segmentation Engine
BWC,S7-026,E12,Task,Add tests for consent-aware preview,"Detailed sprint backlog item from Sprint 7 — Segmentation Engine.

Sprint Goal: Build the audience segmentation engine and preview logic.

Task: Add tests for consent-aware preview

Production Gate: Segmentation must never return a final campaign audience without eligibility checks.",High,To Do,Segmentation,"bwc,solo-scrum,sprint-07,e12,segmentation,task",Sprint 7 — Segmentation Engine
BWC,S8-001,E13,Task,Implement Campaign entity,"Detailed sprint backlog item from Sprint 8 — Campaign Builder and Campaign Lifecycle.

Sprint Goal: Implement the complete campaign draft, editing, submission, and review workflow.

Task: Implement Campaign entity

Production Gate: Submitted campaigns cannot be launched before Compliance Officer approval.",High,To Do,Campaign management,"bwc,solo-scrum,sprint-08,e13,campaigns,task",Sprint 8 — Campaign Builder and Campaign Lifecycle
BWC,S8-002,E13,Task,Implement CampaignProduct entity,"Detailed sprint backlog item from Sprint 8 — Campaign Builder and Campaign Lifecycle.

Sprint Goal: Implement the complete campaign draft, editing, submission, and review workflow.

Task: Implement CampaignProduct entity

Production Gate: Submitted campaigns cannot be launched before Compliance Officer approval.",High,To Do,Campaign management,"bwc,solo-scrum,sprint-08,e13,campaigns,task",Sprint 8 — Campaign Builder and Campaign Lifecycle
BWC,S8-003,E13,Task,Implement CampaignRepository,"Detailed sprint backlog item from Sprint 8 — Campaign Builder and Campaign Lifecycle.

Sprint Goal: Implement the complete campaign draft, editing, submission, and review workflow.

Task: Implement CampaignRepository

Production Gate: Submitted campaigns cannot be launched before Compliance Officer approval.",High,To Do,Campaign management,"bwc,solo-scrum,sprint-08,e13,campaigns,task",Sprint 8 — Campaign Builder and Campaign Lifecycle
BWC,S8-004,E13,Task,Implement CampaignService,"Detailed sprint backlog item from Sprint 8 — Campaign Builder and Campaign Lifecycle.

Sprint Goal: Implement the complete campaign draft, editing, submission, and review workflow.

Task: Implement CampaignService

Production Gate: Submitted campaigns cannot be launched before Compliance Officer approval.",High,To Do,Campaign management,"bwc,solo-scrum,sprint-08,e13,campaigns,task",Sprint 8 — Campaign Builder and Campaign Lifecycle
BWC,S8-005,E13,Task,Implement CampaignController,"Detailed sprint backlog item from Sprint 8 — Campaign Builder and Campaign Lifecycle.

Sprint Goal: Implement the complete campaign draft, editing, submission, and review workflow.

Task: Implement CampaignController

Production Gate: Submitted campaigns cannot be launched before Compliance Officer approval.",High,To Do,Campaign management,"bwc,solo-scrum,sprint-08,e13,campaigns,task",Sprint 8 — Campaign Builder and Campaign Lifecycle
BWC,S8-006,E13,Task,Add create campaign endpoint,"Detailed sprint backlog item from Sprint 8 — Campaign Builder and Campaign Lifecycle.

Sprint Goal: Implement the complete campaign draft, editing, submission, and review workflow.

Task: Add create campaign endpoint

Production Gate: Submitted campaigns cannot be launched before Compliance Officer approval.",High,To Do,Campaign management,"bwc,solo-scrum,sprint-08,e13,campaigns,task",Sprint 8 — Campaign Builder and Campaign Lifecycle
BWC,S8-007,E13,Task,Add update draft campaign endpoint,"Detailed sprint backlog item from Sprint 8 — Campaign Builder and Campaign Lifecycle.

Sprint Goal: Implement the complete campaign draft, editing, submission, and review workflow.

Task: Add update draft campaign endpoint

Production Gate: Submitted campaigns cannot be launched before Compliance Officer approval.",High,To Do,Campaign management,"bwc,solo-scrum,sprint-08,e13,campaigns,task",Sprint 8 — Campaign Builder and Campaign Lifecycle
BWC,S8-008,E13,Task,Add campaign list endpoint,"Detailed sprint backlog item from Sprint 8 — Campaign Builder and Campaign Lifecycle.

Sprint Goal: Implement the complete campaign draft, editing, submission, and review workflow.

Task: Add campaign list endpoint

Production Gate: Submitted campaigns cannot be launched before Compliance Officer approval.",High,To Do,Campaign management,"bwc,solo-scrum,sprint-08,e13,campaigns,task",Sprint 8 — Campaign Builder and Campaign Lifecycle
BWC,S8-009,E13,Task,Add campaign details endpoint,"Detailed sprint backlog item from Sprint 8 — Campaign Builder and Campaign Lifecycle.

Sprint Goal: Implement the complete campaign draft, editing, submission, and review workflow.

Task: Add campaign details endpoint

Production Gate: Submitted campaigns cannot be launched before Compliance Officer approval.",High,To Do,Campaign management,"bwc,solo-scrum,sprint-08,e13,campaigns,task",Sprint 8 — Campaign Builder and Campaign Lifecycle
BWC,S8-010,E13,Task,Add product selection to campaign,"Detailed sprint backlog item from Sprint 8 — Campaign Builder and Campaign Lifecycle.

Sprint Goal: Implement the complete campaign draft, editing, submission, and review workflow.

Task: Add product selection to campaign

Production Gate: Submitted campaigns cannot be launched before Compliance Officer approval.",High,To Do,Campaign management,"bwc,solo-scrum,sprint-08,e13,campaigns,task",Sprint 8 — Campaign Builder and Campaign Lifecycle
BWC,S8-011,E13,Task,Add segment selection to campaign,"Detailed sprint backlog item from Sprint 8 — Campaign Builder and Campaign Lifecycle.

Sprint Goal: Implement the complete campaign draft, editing, submission, and review workflow.

Task: Add segment selection to campaign

Production Gate: Submitted campaigns cannot be launched before Compliance Officer approval.",High,To Do,Campaign management,"bwc,solo-scrum,sprint-08,e13,campaigns,task",Sprint 8 — Campaign Builder and Campaign Lifecycle
BWC,S8-012,E13,Task,Add message subject/body fields,"Detailed sprint backlog item from Sprint 8 — Campaign Builder and Campaign Lifecycle.

Sprint Goal: Implement the complete campaign draft, editing, submission, and review workflow.

Task: Add message subject/body fields

Production Gate: Submitted campaigns cannot be launched before Compliance Officer approval.",High,To Do,Campaign management,"bwc,solo-scrum,sprint-08,e13,campaigns,task",Sprint 8 — Campaign Builder and Campaign Lifecycle
BWC,S8-013,E13,Task,Add schedule fields,"Detailed sprint backlog item from Sprint 8 — Campaign Builder and Campaign Lifecycle.

Sprint Goal: Implement the complete campaign draft, editing, submission, and review workflow.

Task: Add schedule fields

Production Gate: Submitted campaigns cannot be launched before Compliance Officer approval.",High,To Do,Campaign management,"bwc,solo-scrum,sprint-08,e13,campaigns,task",Sprint 8 — Campaign Builder and Campaign Lifecycle
BWC,S8-014,E14,Task,"Implement campaign statuses: DRAFT, SUBMITTED, APPROVED, REJECTED, ACTIVE, PAUSED, COMPLETED, ARCHIVED","Detailed sprint backlog item from Sprint 8 — Campaign Builder and Campaign Lifecycle.

Sprint Goal: Implement the complete campaign draft, editing, submission, and review workflow.

Task: Implement campaign statuses: DRAFT, SUBMITTED, APPROVED, REJECTED, ACTIVE, PAUSED, COMPLETED, ARCHIVED

Production Gate: Submitted campaigns cannot be launched before Compliance Officer approval.",Highest,To Do,Compliance review,"bwc,solo-scrum,sprint-08,e14,compliance-review,task",Sprint 8 — Campaign Builder and Campaign Lifecycle
BWC,S8-015,E13,Task,Implement submit campaign,"Detailed sprint backlog item from Sprint 8 — Campaign Builder and Campaign Lifecycle.

Sprint Goal: Implement the complete campaign draft, editing, submission, and review workflow.

Task: Implement submit campaign

Production Gate: Submitted campaigns cannot be launched before Compliance Officer approval.",High,To Do,Campaign management,"bwc,solo-scrum,sprint-08,e13,campaigns,task",Sprint 8 — Campaign Builder and Campaign Lifecycle
BWC,S8-016,E14,Task,Implement approve campaign,"Detailed sprint backlog item from Sprint 8 — Campaign Builder and Campaign Lifecycle.

Sprint Goal: Implement the complete campaign draft, editing, submission, and review workflow.

Task: Implement approve campaign

Production Gate: Submitted campaigns cannot be launched before Compliance Officer approval.",Highest,To Do,Compliance review,"bwc,solo-scrum,sprint-08,e14,compliance-review,task",Sprint 8 — Campaign Builder and Campaign Lifecycle
BWC,S8-017,E14,Task,Implement reject campaign,"Detailed sprint backlog item from Sprint 8 — Campaign Builder and Campaign Lifecycle.

Sprint Goal: Implement the complete campaign draft, editing, submission, and review workflow.

Task: Implement reject campaign

Production Gate: Submitted campaigns cannot be launched before Compliance Officer approval.",Highest,To Do,Compliance review,"bwc,solo-scrum,sprint-08,e14,compliance-review,task",Sprint 8 — Campaign Builder and Campaign Lifecycle
BWC,S8-018,E14,Task,Add compliance review notes,"Detailed sprint backlog item from Sprint 8 — Campaign Builder and Campaign Lifecycle.

Sprint Goal: Implement the complete campaign draft, editing, submission, and review workflow.

Task: Add compliance review notes

Production Gate: Submitted campaigns cannot be launched before Compliance Officer approval.",Highest,To Do,Compliance review,"bwc,solo-scrum,sprint-08,e14,compliance-review,task",Sprint 8 — Campaign Builder and Campaign Lifecycle
BWC,S8-019,E14,Task,Add audit log for approval/rejection,"Detailed sprint backlog item from Sprint 8 — Campaign Builder and Campaign Lifecycle.

Sprint Goal: Implement the complete campaign draft, editing, submission, and review workflow.

Task: Add audit log for approval/rejection

Production Gate: Submitted campaigns cannot be launched before Compliance Officer approval.",Highest,To Do,Compliance review,"bwc,solo-scrum,sprint-08,e14,compliance-review,task",Sprint 8 — Campaign Builder and Campaign Lifecycle
BWC,S8-020,E13,Task,Build Campaigns page,"Detailed sprint backlog item from Sprint 8 — Campaign Builder and Campaign Lifecycle.

Sprint Goal: Implement the complete campaign draft, editing, submission, and review workflow.

Task: Build Campaigns page

Production Gate: Submitted campaigns cannot be launched before Compliance Officer approval.",High,To Do,Campaign management,"bwc,solo-scrum,sprint-08,e13,campaigns,task",Sprint 8 — Campaign Builder and Campaign Lifecycle
BWC,S8-021,E13,Task,Build Campaign Builder page,"Detailed sprint backlog item from Sprint 8 — Campaign Builder and Campaign Lifecycle.

Sprint Goal: Implement the complete campaign draft, editing, submission, and review workflow.

Task: Build Campaign Builder page

Production Gate: Submitted campaigns cannot be launched before Compliance Officer approval.",High,To Do,Campaign management,"bwc,solo-scrum,sprint-08,e13,campaigns,task",Sprint 8 — Campaign Builder and Campaign Lifecycle
BWC,S8-022,E14,Task,Build Compliance Review page,"Detailed sprint backlog item from Sprint 8 — Campaign Builder and Campaign Lifecycle.

Sprint Goal: Implement the complete campaign draft, editing, submission, and review workflow.

Task: Build Compliance Review page

Production Gate: Submitted campaigns cannot be launched before Compliance Officer approval.",Highest,To Do,Compliance review,"bwc,solo-scrum,sprint-08,e14,compliance-review,task",Sprint 8 — Campaign Builder and Campaign Lifecycle
BWC,S8-023,E13,Task,Add role-based campaign permissions,"Detailed sprint backlog item from Sprint 8 — Campaign Builder and Campaign Lifecycle.

Sprint Goal: Implement the complete campaign draft, editing, submission, and review workflow.

Task: Add role-based campaign permissions

Production Gate: Submitted campaigns cannot be launched before Compliance Officer approval.",High,To Do,Campaign management,"bwc,solo-scrum,sprint-08,e13,campaigns,task",Sprint 8 — Campaign Builder and Campaign Lifecycle
BWC,S8-024,E13,Task,Add tests for campaign status transitions,"Detailed sprint backlog item from Sprint 8 — Campaign Builder and Campaign Lifecycle.

Sprint Goal: Implement the complete campaign draft, editing, submission, and review workflow.

Task: Add tests for campaign status transitions

Production Gate: Submitted campaigns cannot be launched before Compliance Officer approval.",High,To Do,Campaign management,"bwc,solo-scrum,sprint-08,e13,campaigns,task",Sprint 8 — Campaign Builder and Campaign Lifecycle
BWC,S8-025,E13,Task,Add tests for approval restrictions,"Detailed sprint backlog item from Sprint 8 — Campaign Builder and Campaign Lifecycle.

Sprint Goal: Implement the complete campaign draft, editing, submission, and review workflow.

Task: Add tests for approval restrictions

Production Gate: Submitted campaigns cannot be launched before Compliance Officer approval.",High,To Do,Campaign management,"bwc,solo-scrum,sprint-08,e13,campaigns,task",Sprint 8 — Campaign Builder and Campaign Lifecycle
BWC,S9-001,E15,Task,Implement CampaignRecipient entity,"Detailed sprint backlog item from Sprint 9 — Recipient Preview and Campaign Launch.

Sprint Goal: Implement recipient generation, eligibility enforcement, and campaign launch.

Task: Implement CampaignRecipient entity

Production Gate: A campaign launch must never bypass consent, opt-out, do-not-contact, duplicate, guardian consent, or approval rules.",Highest,To Do,Recipient preview and campaign launch,"bwc,solo-scrum,sprint-09,e15,recipient-preview-and-launch,task",Sprint 9 — Recipient Preview and Campaign Launch
BWC,S9-002,E15,Task,Implement CampaignRecipientRepository,"Detailed sprint backlog item from Sprint 9 — Recipient Preview and Campaign Launch.

Sprint Goal: Implement recipient generation, eligibility enforcement, and campaign launch.

Task: Implement CampaignRecipientRepository

Production Gate: A campaign launch must never bypass consent, opt-out, do-not-contact, duplicate, guardian consent, or approval rules.",Highest,To Do,Recipient preview and campaign launch,"bwc,solo-scrum,sprint-09,e15,recipient-preview-and-launch,task",Sprint 9 — Recipient Preview and Campaign Launch
BWC,S9-003,E15,Task,Add generate recipients service,"Detailed sprint backlog item from Sprint 9 — Recipient Preview and Campaign Launch.

Sprint Goal: Implement recipient generation, eligibility enforcement, and campaign launch.

Task: Add generate recipients service

Production Gate: A campaign launch must never bypass consent, opt-out, do-not-contact, duplicate, guardian consent, or approval rules.",Highest,To Do,Recipient preview and campaign launch,"bwc,solo-scrum,sprint-09,e15,recipient-preview-and-launch,task",Sprint 9 — Recipient Preview and Campaign Launch
BWC,S9-004,E15,Task,Add recipient preview endpoint,"Detailed sprint backlog item from Sprint 9 — Recipient Preview and Campaign Launch.

Sprint Goal: Implement recipient generation, eligibility enforcement, and campaign launch.

Task: Add recipient preview endpoint

Production Gate: A campaign launch must never bypass consent, opt-out, do-not-contact, duplicate, guardian consent, or approval rules.",Highest,To Do,Recipient preview and campaign launch,"bwc,solo-scrum,sprint-09,e15,recipient-preview-and-launch,task",Sprint 9 — Recipient Preview and Campaign Launch
BWC,S9-005,E15,Task,Add eligible recipient list,"Detailed sprint backlog item from Sprint 9 — Recipient Preview and Campaign Launch.

Sprint Goal: Implement recipient generation, eligibility enforcement, and campaign launch.

Task: Add eligible recipient list

Production Gate: A campaign launch must never bypass consent, opt-out, do-not-contact, duplicate, guardian consent, or approval rules.",Highest,To Do,Recipient preview and campaign launch,"bwc,solo-scrum,sprint-09,e15,recipient-preview-and-launch,task",Sprint 9 — Recipient Preview and Campaign Launch
BWC,S9-006,E15,Task,Add excluded recipient list,"Detailed sprint backlog item from Sprint 9 — Recipient Preview and Campaign Launch.

Sprint Goal: Implement recipient generation, eligibility enforcement, and campaign launch.

Task: Add excluded recipient list

Production Gate: A campaign launch must never bypass consent, opt-out, do-not-contact, duplicate, guardian consent, or approval rules.",Highest,To Do,Recipient preview and campaign launch,"bwc,solo-scrum,sprint-09,e15,recipient-preview-and-launch,task",Sprint 9 — Recipient Preview and Campaign Launch
BWC,S9-007,E15,Task,Store exclusion reasons,"Detailed sprint backlog item from Sprint 9 — Recipient Preview and Campaign Launch.

Sprint Goal: Implement recipient generation, eligibility enforcement, and campaign launch.

Task: Store exclusion reasons

Production Gate: A campaign launch must never bypass consent, opt-out, do-not-contact, duplicate, guardian consent, or approval rules.",Highest,To Do,Recipient preview and campaign launch,"bwc,solo-scrum,sprint-09,e15,recipient-preview-and-launch,task",Sprint 9 — Recipient Preview and Campaign Launch
BWC,S9-008,E15,Task,Prevent duplicate recipient rows,"Detailed sprint backlog item from Sprint 9 — Recipient Preview and Campaign Launch.

Sprint Goal: Implement recipient generation, eligibility enforcement, and campaign launch.

Task: Prevent duplicate recipient rows

Production Gate: A campaign launch must never bypass consent, opt-out, do-not-contact, duplicate, guardian consent, or approval rules.",Highest,To Do,Recipient preview and campaign launch,"bwc,solo-scrum,sprint-09,e15,recipient-preview-and-launch,task",Sprint 9 — Recipient Preview and Campaign Launch
BWC,S9-009,E15,Task,Enforce monthly contact limit,"Detailed sprint backlog item from Sprint 9 — Recipient Preview and Campaign Launch.

Sprint Goal: Implement recipient generation, eligibility enforcement, and campaign launch.

Task: Enforce monthly contact limit

Production Gate: A campaign launch must never bypass consent, opt-out, do-not-contact, duplicate, guardian consent, or approval rules.",Highest,To Do,Recipient preview and campaign launch,"bwc,solo-scrum,sprint-09,e15,recipient-preview-and-launch,task",Sprint 9 — Recipient Preview and Campaign Launch
BWC,S9-010,E15,Task,Enforce same-campaign duplicate prevention,"Detailed sprint backlog item from Sprint 9 — Recipient Preview and Campaign Launch.

Sprint Goal: Implement recipient generation, eligibility enforcement, and campaign launch.

Task: Enforce same-campaign duplicate prevention

Production Gate: A campaign launch must never bypass consent, opt-out, do-not-contact, duplicate, guardian consent, or approval rules.",Highest,To Do,Recipient preview and campaign launch,"bwc,solo-scrum,sprint-09,e15,recipient-preview-and-launch,task",Sprint 9 — Recipient Preview and Campaign Launch
BWC,S9-011,E15,Task,Enforce uninterested exclusion rule,"Detailed sprint backlog item from Sprint 9 — Recipient Preview and Campaign Launch.

Sprint Goal: Implement recipient generation, eligibility enforcement, and campaign launch.

Task: Enforce uninterested exclusion rule

Production Gate: A campaign launch must never bypass consent, opt-out, do-not-contact, duplicate, guardian consent, or approval rules.",Highest,To Do,Recipient preview and campaign launch,"bwc,solo-scrum,sprint-09,e15,recipient-preview-and-launch,task",Sprint 9 — Recipient Preview and Campaign Launch
BWC,S9-012,E15,Task,Enforce converted customer exclusion rule,"Detailed sprint backlog item from Sprint 9 — Recipient Preview and Campaign Launch.

Sprint Goal: Implement recipient generation, eligibility enforcement, and campaign launch.

Task: Enforce converted customer exclusion rule

Production Gate: A campaign launch must never bypass consent, opt-out, do-not-contact, duplicate, guardian consent, or approval rules.",Highest,To Do,Recipient preview and campaign launch,"bwc,solo-scrum,sprint-09,e15,recipient-preview-and-launch,task",Sprint 9 — Recipient Preview and Campaign Launch
BWC,S9-013,E15,Task,Implement launch campaign endpoint,"Detailed sprint backlog item from Sprint 9 — Recipient Preview and Campaign Launch.

Sprint Goal: Implement recipient generation, eligibility enforcement, and campaign launch.

Task: Implement launch campaign endpoint

Production Gate: A campaign launch must never bypass consent, opt-out, do-not-contact, duplicate, guardian consent, or approval rules.",Highest,To Do,Recipient preview and campaign launch,"bwc,solo-scrum,sprint-09,e15,recipient-preview-and-launch,task",Sprint 9 — Recipient Preview and Campaign Launch
BWC,S9-014,E15,Task,Block launch unless campaign is approved,"Detailed sprint backlog item from Sprint 9 — Recipient Preview and Campaign Launch.

Sprint Goal: Implement recipient generation, eligibility enforcement, and campaign launch.

Task: Block launch unless campaign is approved

Production Gate: A campaign launch must never bypass consent, opt-out, do-not-contact, duplicate, guardian consent, or approval rules.",Highest,To Do,Recipient preview and campaign launch,"bwc,solo-scrum,sprint-09,e15,recipient-preview-and-launch,task",Sprint 9 — Recipient Preview and Campaign Launch
BWC,S9-015,E15,Task,Create contact events on launch,"Detailed sprint backlog item from Sprint 9 — Recipient Preview and Campaign Launch.

Sprint Goal: Implement recipient generation, eligibility enforcement, and campaign launch.

Task: Create contact events on launch

Production Gate: A campaign launch must never bypass consent, opt-out, do-not-contact, duplicate, guardian consent, or approval rules.",Highest,To Do,Recipient preview and campaign launch,"bwc,solo-scrum,sprint-09,e15,recipient-preview-and-launch,task",Sprint 9 — Recipient Preview and Campaign Launch
BWC,S9-016,E15,Task,Update campaign status after launch,"Detailed sprint backlog item from Sprint 9 — Recipient Preview and Campaign Launch.

Sprint Goal: Implement recipient generation, eligibility enforcement, and campaign launch.

Task: Update campaign status after launch

Production Gate: A campaign launch must never bypass consent, opt-out, do-not-contact, duplicate, guardian consent, or approval rules.",Highest,To Do,Recipient preview and campaign launch,"bwc,solo-scrum,sprint-09,e15,recipient-preview-and-launch,task",Sprint 9 — Recipient Preview and Campaign Launch
BWC,S9-017,E15,Task,Update campaign metrics after launch,"Detailed sprint backlog item from Sprint 9 — Recipient Preview and Campaign Launch.

Sprint Goal: Implement recipient generation, eligibility enforcement, and campaign launch.

Task: Update campaign metrics after launch

Production Gate: A campaign launch must never bypass consent, opt-out, do-not-contact, duplicate, guardian consent, or approval rules.",Highest,To Do,Recipient preview and campaign launch,"bwc,solo-scrum,sprint-09,e15,recipient-preview-and-launch,task",Sprint 9 — Recipient Preview and Campaign Launch
BWC,S9-018,E15,Task,Add audit log for campaign launch,"Detailed sprint backlog item from Sprint 9 — Recipient Preview and Campaign Launch.

Sprint Goal: Implement recipient generation, eligibility enforcement, and campaign launch.

Task: Add audit log for campaign launch

Production Gate: A campaign launch must never bypass consent, opt-out, do-not-contact, duplicate, guardian consent, or approval rules.",Highest,To Do,Recipient preview and campaign launch,"bwc,solo-scrum,sprint-09,e15,recipient-preview-and-launch,task",Sprint 9 — Recipient Preview and Campaign Launch
BWC,S9-019,E15,Task,Build Recipient Preview screen,"Detailed sprint backlog item from Sprint 9 — Recipient Preview and Campaign Launch.

Sprint Goal: Implement recipient generation, eligibility enforcement, and campaign launch.

Task: Build Recipient Preview screen

Production Gate: A campaign launch must never bypass consent, opt-out, do-not-contact, duplicate, guardian consent, or approval rules.",Highest,To Do,Recipient preview and campaign launch,"bwc,solo-scrum,sprint-09,e15,recipient-preview-and-launch,task",Sprint 9 — Recipient Preview and Campaign Launch
BWC,S9-020,E15,Task,Add launch button with role/status rules,"Detailed sprint backlog item from Sprint 9 — Recipient Preview and Campaign Launch.

Sprint Goal: Implement recipient generation, eligibility enforcement, and campaign launch.

Task: Add launch button with role/status rules

Production Gate: A campaign launch must never bypass consent, opt-out, do-not-contact, duplicate, guardian consent, or approval rules.",Highest,To Do,Recipient preview and campaign launch,"bwc,solo-scrum,sprint-09,e15,recipient-preview-and-launch,task",Sprint 9 — Recipient Preview and Campaign Launch
BWC,S9-021,E15,Task,Add tests for recipient eligibility,"Detailed sprint backlog item from Sprint 9 — Recipient Preview and Campaign Launch.

Sprint Goal: Implement recipient generation, eligibility enforcement, and campaign launch.

Task: Add tests for recipient eligibility

Production Gate: A campaign launch must never bypass consent, opt-out, do-not-contact, duplicate, guardian consent, or approval rules.",Highest,To Do,Recipient preview and campaign launch,"bwc,solo-scrum,sprint-09,e15,recipient-preview-and-launch,task",Sprint 9 — Recipient Preview and Campaign Launch
BWC,S9-022,E15,Task,Add tests for launch restrictions,"Detailed sprint backlog item from Sprint 9 — Recipient Preview and Campaign Launch.

Sprint Goal: Implement recipient generation, eligibility enforcement, and campaign launch.

Task: Add tests for launch restrictions

Production Gate: A campaign launch must never bypass consent, opt-out, do-not-contact, duplicate, guardian consent, or approval rules.",Highest,To Do,Recipient preview and campaign launch,"bwc,solo-scrum,sprint-09,e15,recipient-preview-and-launch,task",Sprint 9 — Recipient Preview and Campaign Launch
BWC,S10-001,E16,Task,Implement ContactEvent entity,"Detailed sprint backlog item from Sprint 10 — Communication Tracking and Provider Adapters.

Sprint Goal: Implement contact events and replaceable communication provider architecture.

Task: Implement ContactEvent entity

Production Gate: Development may use mock email, but production must use a real configured provider or disable sending until configured.",High,To Do,Communication tracking,"bwc,solo-scrum,sprint-10,e16,communication-tracking,task",Sprint 10 — Communication Tracking and Provider Adapters
BWC,S10-002,E16,Task,Implement ContactEventRepository,"Detailed sprint backlog item from Sprint 10 — Communication Tracking and Provider Adapters.

Sprint Goal: Implement contact events and replaceable communication provider architecture.

Task: Implement ContactEventRepository

Production Gate: Development may use mock email, but production must use a real configured provider or disable sending until configured.",High,To Do,Communication tracking,"bwc,solo-scrum,sprint-10,e16,communication-tracking,task",Sprint 10 — Communication Tracking and Provider Adapters
BWC,S10-003,E16,Task,Implement CommunicationService,"Detailed sprint backlog item from Sprint 10 — Communication Tracking and Provider Adapters.

Sprint Goal: Implement contact events and replaceable communication provider architecture.

Task: Implement CommunicationService

Production Gate: Development may use mock email, but production must use a real configured provider or disable sending until configured.",High,To Do,Communication tracking,"bwc,solo-scrum,sprint-10,e16,communication-tracking,task",Sprint 10 — Communication Tracking and Provider Adapters
BWC,S10-004,E16,Task,Define EmailProvider interface,"Detailed sprint backlog item from Sprint 10 — Communication Tracking and Provider Adapters.

Sprint Goal: Implement contact events and replaceable communication provider architecture.

Task: Define EmailProvider interface

Production Gate: Development may use mock email, but production must use a real configured provider or disable sending until configured.",High,To Do,Communication tracking,"bwc,solo-scrum,sprint-10,e16,communication-tracking,task",Sprint 10 — Communication Tracking and Provider Adapters
BWC,S10-005,E16,Task,Define SmsProvider interface,"Detailed sprint backlog item from Sprint 10 — Communication Tracking and Provider Adapters.

Sprint Goal: Implement contact events and replaceable communication provider architecture.

Task: Define SmsProvider interface

Production Gate: Development may use mock email, but production must use a real configured provider or disable sending until configured.",High,To Do,Communication tracking,"bwc,solo-scrum,sprint-10,e16,communication-tracking,task",Sprint 10 — Communication Tracking and Provider Adapters
BWC,S10-006,E16,Task,Implement MockEmailProvider for development,"Detailed sprint backlog item from Sprint 10 — Communication Tracking and Provider Adapters.

Sprint Goal: Implement contact events and replaceable communication provider architecture.

Task: Implement MockEmailProvider for development

Production Gate: Development may use mock email, but production must use a real configured provider or disable sending until configured.",High,To Do,Communication tracking,"bwc,solo-scrum,sprint-10,e16,communication-tracking,task",Sprint 10 — Communication Tracking and Provider Adapters
BWC,S10-007,E16,Task,Implement SMTP/provider-ready adapter placeholder,"Detailed sprint backlog item from Sprint 10 — Communication Tracking and Provider Adapters.

Sprint Goal: Implement contact events and replaceable communication provider architecture.

Task: Implement SMTP/provider-ready adapter placeholder

Production Gate: Development may use mock email, but production must use a real configured provider or disable sending until configured.",High,To Do,Communication tracking,"bwc,solo-scrum,sprint-10,e16,communication-tracking,task",Sprint 10 — Communication Tracking and Provider Adapters
BWC,S10-008,E16,Task,Implement unsubscribe/opt-out event handling,"Detailed sprint backlog item from Sprint 10 — Communication Tracking and Provider Adapters.

Sprint Goal: Implement contact events and replaceable communication provider architecture.

Task: Implement unsubscribe/opt-out event handling

Production Gate: Development may use mock email, but production must use a real configured provider or disable sending until configured.",High,To Do,Communication tracking,"bwc,solo-scrum,sprint-10,e16,communication-tracking,task",Sprint 10 — Communication Tracking and Provider Adapters
BWC,S10-009,E16,Task,Implement sent event,"Detailed sprint backlog item from Sprint 10 — Communication Tracking and Provider Adapters.

Sprint Goal: Implement contact events and replaceable communication provider architecture.

Task: Implement sent event

Production Gate: Development may use mock email, but production must use a real configured provider or disable sending until configured.",High,To Do,Communication tracking,"bwc,solo-scrum,sprint-10,e16,communication-tracking,task",Sprint 10 — Communication Tracking and Provider Adapters
BWC,S10-010,E16,Task,Implement failed event,"Detailed sprint backlog item from Sprint 10 — Communication Tracking and Provider Adapters.

Sprint Goal: Implement contact events and replaceable communication provider architecture.

Task: Implement failed event

Production Gate: Development may use mock email, but production must use a real configured provider or disable sending until configured.",High,To Do,Communication tracking,"bwc,solo-scrum,sprint-10,e16,communication-tracking,task",Sprint 10 — Communication Tracking and Provider Adapters
BWC,S10-011,E16,Task,Implement opened/clicked/replied event placeholders,"Detailed sprint backlog item from Sprint 10 — Communication Tracking and Provider Adapters.

Sprint Goal: Implement contact events and replaceable communication provider architecture.

Task: Implement opened/clicked/replied event placeholders

Production Gate: Development may use mock email, but production must use a real configured provider or disable sending until configured.",High,To Do,Communication tracking,"bwc,solo-scrum,sprint-10,e16,communication-tracking,task",Sprint 10 — Communication Tracking and Provider Adapters
BWC,S10-012,E16,Task,Implement contact timeline endpoint,"Detailed sprint backlog item from Sprint 10 — Communication Tracking and Provider Adapters.

Sprint Goal: Implement contact events and replaceable communication provider architecture.

Task: Implement contact timeline endpoint

Production Gate: Development may use mock email, but production must use a real configured provider or disable sending until configured.",High,To Do,Communication tracking,"bwc,solo-scrum,sprint-10,e16,communication-tracking,task",Sprint 10 — Communication Tracking and Provider Adapters
BWC,S10-013,E16,Task,Implement retry failed send logic with max 3 retries,"Detailed sprint backlog item from Sprint 10 — Communication Tracking and Provider Adapters.

Sprint Goal: Implement contact events and replaceable communication provider architecture.

Task: Implement retry failed send logic with max 3 retries

Production Gate: Development may use mock email, but production must use a real configured provider or disable sending until configured.",High,To Do,Communication tracking,"bwc,solo-scrum,sprint-10,e16,communication-tracking,task",Sprint 10 — Communication Tracking and Provider Adapters
BWC,S10-014,E16,Task,Build Contact History screen,"Detailed sprint backlog item from Sprint 10 — Communication Tracking and Provider Adapters.

Sprint Goal: Implement contact events and replaceable communication provider architecture.

Task: Build Contact History screen

Production Gate: Development may use mock email, but production must use a real configured provider or disable sending until configured.",High,To Do,Communication tracking,"bwc,solo-scrum,sprint-10,e16,communication-tracking,task",Sprint 10 — Communication Tracking and Provider Adapters
BWC,S10-015,E16,Task,Add communication timeline to Customer Details,"Detailed sprint backlog item from Sprint 10 — Communication Tracking and Provider Adapters.

Sprint Goal: Implement contact events and replaceable communication provider architecture.

Task: Add communication timeline to Customer Details

Production Gate: Development may use mock email, but production must use a real configured provider or disable sending until configured.",High,To Do,Communication tracking,"bwc,solo-scrum,sprint-10,e16,communication-tracking,task",Sprint 10 — Communication Tracking and Provider Adapters
BWC,S10-016,E16,Task,Add tests for contact event creation,"Detailed sprint backlog item from Sprint 10 — Communication Tracking and Provider Adapters.

Sprint Goal: Implement contact events and replaceable communication provider architecture.

Task: Add tests for contact event creation

Production Gate: Development may use mock email, but production must use a real configured provider or disable sending until configured.",High,To Do,Communication tracking,"bwc,solo-scrum,sprint-10,e16,communication-tracking,task",Sprint 10 — Communication Tracking and Provider Adapters
BWC,S10-017,E16,Task,Add tests for unsubscribe handling,"Detailed sprint backlog item from Sprint 10 — Communication Tracking and Provider Adapters.

Sprint Goal: Implement contact events and replaceable communication provider architecture.

Task: Add tests for unsubscribe handling

Production Gate: Development may use mock email, but production must use a real configured provider or disable sending until configured.",High,To Do,Communication tracking,"bwc,solo-scrum,sprint-10,e16,communication-tracking,task",Sprint 10 — Communication Tracking and Provider Adapters
BWC,S10-018,E16,Task,Add tests for retry limit,"Detailed sprint backlog item from Sprint 10 — Communication Tracking and Provider Adapters.

Sprint Goal: Implement contact events and replaceable communication provider architecture.

Task: Add tests for retry limit

Production Gate: Development may use mock email, but production must use a real configured provider or disable sending until configured.",High,To Do,Communication tracking,"bwc,solo-scrum,sprint-10,e16,communication-tracking,task",Sprint 10 — Communication Tracking and Provider Adapters
BWC,S11-001,E17,Task,Implement FollowUpTask entity,"Detailed sprint backlog item from Sprint 11 — Follow-Up Tasks and Reminder Scheduling.

Sprint Goal: Implement follow-up workflows, payment reminders, and product-expiration reminders.

Task: Implement FollowUpTask entity

Production Gate: Reminder logic must respect consent, payment status, expiration dates, and contact frequency limits.",Medium,To Do,Follow-up management,"bwc,solo-scrum,sprint-11,e17,follow-up,task",Sprint 11 — Follow-Up Tasks and Reminder Scheduling
BWC,S11-002,E17,Task,Implement FollowUpRepository,"Detailed sprint backlog item from Sprint 11 — Follow-Up Tasks and Reminder Scheduling.

Sprint Goal: Implement follow-up workflows, payment reminders, and product-expiration reminders.

Task: Implement FollowUpRepository

Production Gate: Reminder logic must respect consent, payment status, expiration dates, and contact frequency limits.",Medium,To Do,Follow-up management,"bwc,solo-scrum,sprint-11,e17,follow-up,task",Sprint 11 — Follow-Up Tasks and Reminder Scheduling
BWC,S11-003,E17,Task,Implement FollowUpService,"Detailed sprint backlog item from Sprint 11 — Follow-Up Tasks and Reminder Scheduling.

Sprint Goal: Implement follow-up workflows, payment reminders, and product-expiration reminders.

Task: Implement FollowUpService

Production Gate: Reminder logic must respect consent, payment status, expiration dates, and contact frequency limits.",Medium,To Do,Follow-up management,"bwc,solo-scrum,sprint-11,e17,follow-up,task",Sprint 11 — Follow-Up Tasks and Reminder Scheduling
BWC,S11-004,E17,Task,Implement FollowUpController,"Detailed sprint backlog item from Sprint 11 — Follow-Up Tasks and Reminder Scheduling.

Sprint Goal: Implement follow-up workflows, payment reminders, and product-expiration reminders.

Task: Implement FollowUpController

Production Gate: Reminder logic must respect consent, payment status, expiration dates, and contact frequency limits.",Medium,To Do,Follow-up management,"bwc,solo-scrum,sprint-11,e17,follow-up,task",Sprint 11 — Follow-Up Tasks and Reminder Scheduling
BWC,S11-005,E17,Task,Add create follow-up task,"Detailed sprint backlog item from Sprint 11 — Follow-Up Tasks and Reminder Scheduling.

Sprint Goal: Implement follow-up workflows, payment reminders, and product-expiration reminders.

Task: Add create follow-up task

Production Gate: Reminder logic must respect consent, payment status, expiration dates, and contact frequency limits.",Medium,To Do,Follow-up management,"bwc,solo-scrum,sprint-11,e17,follow-up,task",Sprint 11 — Follow-Up Tasks and Reminder Scheduling
BWC,S11-006,E17,Task,Add assign follow-up task,"Detailed sprint backlog item from Sprint 11 — Follow-Up Tasks and Reminder Scheduling.

Sprint Goal: Implement follow-up workflows, payment reminders, and product-expiration reminders.

Task: Add assign follow-up task

Production Gate: Reminder logic must respect consent, payment status, expiration dates, and contact frequency limits.",Medium,To Do,Follow-up management,"bwc,solo-scrum,sprint-11,e17,follow-up,task",Sprint 11 — Follow-Up Tasks and Reminder Scheduling
BWC,S11-007,E17,Task,Add update follow-up status,"Detailed sprint backlog item from Sprint 11 — Follow-Up Tasks and Reminder Scheduling.

Sprint Goal: Implement follow-up workflows, payment reminders, and product-expiration reminders.

Task: Add update follow-up status

Production Gate: Reminder logic must respect consent, payment status, expiration dates, and contact frequency limits.",Medium,To Do,Follow-up management,"bwc,solo-scrum,sprint-11,e17,follow-up,task",Sprint 11 — Follow-Up Tasks and Reminder Scheduling
BWC,S11-008,E17,Task,Add complete follow-up task,"Detailed sprint backlog item from Sprint 11 — Follow-Up Tasks and Reminder Scheduling.

Sprint Goal: Implement follow-up workflows, payment reminders, and product-expiration reminders.

Task: Add complete follow-up task

Production Gate: Reminder logic must respect consent, payment status, expiration dates, and contact frequency limits.",Medium,To Do,Follow-up management,"bwc,solo-scrum,sprint-11,e17,follow-up,task",Sprint 11 — Follow-Up Tasks and Reminder Scheduling
BWC,S11-009,E17,Task,Build Follow-Up Tasks screen,"Detailed sprint backlog item from Sprint 11 — Follow-Up Tasks and Reminder Scheduling.

Sprint Goal: Implement follow-up workflows, payment reminders, and product-expiration reminders.

Task: Build Follow-Up Tasks screen

Production Gate: Reminder logic must respect consent, payment status, expiration dates, and contact frequency limits.",Medium,To Do,Follow-up management,"bwc,solo-scrum,sprint-11,e17,follow-up,task",Sprint 11 — Follow-Up Tasks and Reminder Scheduling
BWC,S11-010,E18,Task,Implement ReminderSchedule entity,"Detailed sprint backlog item from Sprint 11 — Follow-Up Tasks and Reminder Scheduling.

Sprint Goal: Implement follow-up workflows, payment reminders, and product-expiration reminders.

Task: Implement ReminderSchedule entity

Production Gate: Reminder logic must respect consent, payment status, expiration dates, and contact frequency limits.",High,To Do,Reminder scheduling,"bwc,solo-scrum,sprint-11,e18,reminders,task",Sprint 11 — Follow-Up Tasks and Reminder Scheduling
BWC,S11-011,E18,Task,Implement ReminderRepository,"Detailed sprint backlog item from Sprint 11 — Follow-Up Tasks and Reminder Scheduling.

Sprint Goal: Implement follow-up workflows, payment reminders, and product-expiration reminders.

Task: Implement ReminderRepository

Production Gate: Reminder logic must respect consent, payment status, expiration dates, and contact frequency limits.",High,To Do,Reminder scheduling,"bwc,solo-scrum,sprint-11,e18,reminders,task",Sprint 11 — Follow-Up Tasks and Reminder Scheduling
BWC,S11-012,E18,Task,Implement ReminderService,"Detailed sprint backlog item from Sprint 11 — Follow-Up Tasks and Reminder Scheduling.

Sprint Goal: Implement follow-up workflows, payment reminders, and product-expiration reminders.

Task: Implement ReminderService

Production Gate: Reminder logic must respect consent, payment status, expiration dates, and contact frequency limits.",High,To Do,Reminder scheduling,"bwc,solo-scrum,sprint-11,e18,reminders,task",Sprint 11 — Follow-Up Tasks and Reminder Scheduling
BWC,S11-013,E18,Task,Implement ReminderController,"Detailed sprint backlog item from Sprint 11 — Follow-Up Tasks and Reminder Scheduling.

Sprint Goal: Implement follow-up workflows, payment reminders, and product-expiration reminders.

Task: Implement ReminderController

Production Gate: Reminder logic must respect consent, payment status, expiration dates, and contact frequency limits.",High,To Do,Reminder scheduling,"bwc,solo-scrum,sprint-11,e18,reminders,task",Sprint 11 — Follow-Up Tasks and Reminder Scheduling
BWC,S11-014,E18,Task,Implement payment due reminder generation,"Detailed sprint backlog item from Sprint 11 — Follow-Up Tasks and Reminder Scheduling.

Sprint Goal: Implement follow-up workflows, payment reminders, and product-expiration reminders.

Task: Implement payment due reminder generation

Production Gate: Reminder logic must respect consent, payment status, expiration dates, and contact frequency limits.",High,To Do,Reminder scheduling,"bwc,solo-scrum,sprint-11,e18,reminders,task",Sprint 11 — Follow-Up Tasks and Reminder Scheduling
BWC,S11-015,E18,Task,Implement Green/Yellow/Red reminder levels,"Detailed sprint backlog item from Sprint 11 — Follow-Up Tasks and Reminder Scheduling.

Sprint Goal: Implement follow-up workflows, payment reminders, and product-expiration reminders.

Task: Implement Green/Yellow/Red reminder levels

Production Gate: Reminder logic must respect consent, payment status, expiration dates, and contact frequency limits.",High,To Do,Reminder scheduling,"bwc,solo-scrum,sprint-11,e18,reminders,task",Sprint 11 — Follow-Up Tasks and Reminder Scheduling
BWC,S11-016,E18,Task,Implement product-expiration reminders for 3 months,"Detailed sprint backlog item from Sprint 11 — Follow-Up Tasks and Reminder Scheduling.

Sprint Goal: Implement follow-up workflows, payment reminders, and product-expiration reminders.

Task: Implement product-expiration reminders for 3 months

Production Gate: Reminder logic must respect consent, payment status, expiration dates, and contact frequency limits.",High,To Do,Reminder scheduling,"bwc,solo-scrum,sprint-11,e18,reminders,task",Sprint 11 — Follow-Up Tasks and Reminder Scheduling
BWC,S11-017,E18,Task,Implement product-expiration reminders for 6 months,"Detailed sprint backlog item from Sprint 11 — Follow-Up Tasks and Reminder Scheduling.

Sprint Goal: Implement follow-up workflows, payment reminders, and product-expiration reminders.

Task: Implement product-expiration reminders for 6 months

Production Gate: Reminder logic must respect consent, payment status, expiration dates, and contact frequency limits.",High,To Do,Reminder scheduling,"bwc,solo-scrum,sprint-11,e18,reminders,task",Sprint 11 — Follow-Up Tasks and Reminder Scheduling
BWC,S11-018,E18,Task,Implement product-expiration reminders for 12 months,"Detailed sprint backlog item from Sprint 11 — Follow-Up Tasks and Reminder Scheduling.

Sprint Goal: Implement follow-up workflows, payment reminders, and product-expiration reminders.

Task: Implement product-expiration reminders for 12 months

Production Gate: Reminder logic must respect consent, payment status, expiration dates, and contact frequency limits.",High,To Do,Reminder scheduling,"bwc,solo-scrum,sprint-11,e18,reminders,task",Sprint 11 — Follow-Up Tasks and Reminder Scheduling
BWC,S11-019,E18,Task,Ensure payment reminder is not sent if payment is completed,"Detailed sprint backlog item from Sprint 11 — Follow-Up Tasks and Reminder Scheduling.

Sprint Goal: Implement follow-up workflows, payment reminders, and product-expiration reminders.

Task: Ensure payment reminder is not sent if payment is completed

Production Gate: Reminder logic must respect consent, payment status, expiration dates, and contact frequency limits.",High,To Do,Reminder scheduling,"bwc,solo-scrum,sprint-11,e18,reminders,task",Sprint 11 — Follow-Up Tasks and Reminder Scheduling
BWC,S11-020,E18,Task,Add manual trigger for admin/test environment,"Detailed sprint backlog item from Sprint 11 — Follow-Up Tasks and Reminder Scheduling.

Sprint Goal: Implement follow-up workflows, payment reminders, and product-expiration reminders.

Task: Add manual trigger for admin/test environment

Production Gate: Reminder logic must respect consent, payment status, expiration dates, and contact frequency limits.",High,To Do,Reminder scheduling,"bwc,solo-scrum,sprint-11,e18,reminders,task",Sprint 11 — Follow-Up Tasks and Reminder Scheduling
BWC,S11-021,E18,Task,Build Reminders screen,"Detailed sprint backlog item from Sprint 11 — Follow-Up Tasks and Reminder Scheduling.

Sprint Goal: Implement follow-up workflows, payment reminders, and product-expiration reminders.

Task: Build Reminders screen

Production Gate: Reminder logic must respect consent, payment status, expiration dates, and contact frequency limits.",High,To Do,Reminder scheduling,"bwc,solo-scrum,sprint-11,e18,reminders,task",Sprint 11 — Follow-Up Tasks and Reminder Scheduling
BWC,S11-022,E18,Task,Add scheduler tests,"Detailed sprint backlog item from Sprint 11 — Follow-Up Tasks and Reminder Scheduling.

Sprint Goal: Implement follow-up workflows, payment reminders, and product-expiration reminders.

Task: Add scheduler tests

Production Gate: Reminder logic must respect consent, payment status, expiration dates, and contact frequency limits.",High,To Do,Reminder scheduling,"bwc,solo-scrum,sprint-11,e18,reminders,task",Sprint 11 — Follow-Up Tasks and Reminder Scheduling
BWC,S11-023,E18,Task,Add reminder business rule tests,"Detailed sprint backlog item from Sprint 11 — Follow-Up Tasks and Reminder Scheduling.

Sprint Goal: Implement follow-up workflows, payment reminders, and product-expiration reminders.

Task: Add reminder business rule tests

Production Gate: Reminder logic must respect consent, payment status, expiration dates, and contact frequency limits.",High,To Do,Reminder scheduling,"bwc,solo-scrum,sprint-11,e18,reminders,task",Sprint 11 — Follow-Up Tasks and Reminder Scheduling
BWC,S12-001,E19,Task,Implement CampaignMetric entity,"Detailed sprint backlog item from Sprint 12 — Analytics and Reports.

Sprint Goal: Implement business dashboards, campaign metrics, and report exports.

Task: Implement CampaignMetric entity

Production Gate: Executive reports should use aggregated data where possible.",High,To Do,Analytics,"bwc,solo-scrum,sprint-12,e19,analytics,task",Sprint 12 — Analytics and Reports
BWC,S12-002,E19,Task,Implement CampaignMetricRepository,"Detailed sprint backlog item from Sprint 12 — Analytics and Reports.

Sprint Goal: Implement business dashboards, campaign metrics, and report exports.

Task: Implement CampaignMetricRepository

Production Gate: Executive reports should use aggregated data where possible.",High,To Do,Analytics,"bwc,solo-scrum,sprint-12,e19,analytics,task",Sprint 12 — Analytics and Reports
BWC,S12-003,E19,Task,Implement AnalyticsService,"Detailed sprint backlog item from Sprint 12 — Analytics and Reports.

Sprint Goal: Implement business dashboards, campaign metrics, and report exports.

Task: Implement AnalyticsService

Production Gate: Executive reports should use aggregated data where possible.",High,To Do,Analytics,"bwc,solo-scrum,sprint-12,e19,analytics,task",Sprint 12 — Analytics and Reports
BWC,S12-004,E19,Task,Implement AnalyticsController,"Detailed sprint backlog item from Sprint 12 — Analytics and Reports.

Sprint Goal: Implement business dashboards, campaign metrics, and report exports.

Task: Implement AnalyticsController

Production Gate: Executive reports should use aggregated data where possible.",High,To Do,Analytics,"bwc,solo-scrum,sprint-12,e19,analytics,task",Sprint 12 — Analytics and Reports
BWC,S12-005,E19,Task,Calculate audience size,"Detailed sprint backlog item from Sprint 12 — Analytics and Reports.

Sprint Goal: Implement business dashboards, campaign metrics, and report exports.

Task: Calculate audience size

Production Gate: Executive reports should use aggregated data where possible.",High,To Do,Analytics,"bwc,solo-scrum,sprint-12,e19,analytics,task",Sprint 12 — Analytics and Reports
BWC,S12-006,E19,Task,Calculate eligible count,"Detailed sprint backlog item from Sprint 12 — Analytics and Reports.

Sprint Goal: Implement business dashboards, campaign metrics, and report exports.

Task: Calculate eligible count

Production Gate: Executive reports should use aggregated data where possible.",High,To Do,Analytics,"bwc,solo-scrum,sprint-12,e19,analytics,task",Sprint 12 — Analytics and Reports
BWC,S12-007,E19,Task,Calculate excluded count,"Detailed sprint backlog item from Sprint 12 — Analytics and Reports.

Sprint Goal: Implement business dashboards, campaign metrics, and report exports.

Task: Calculate excluded count

Production Gate: Executive reports should use aggregated data where possible.",High,To Do,Analytics,"bwc,solo-scrum,sprint-12,e19,analytics,task",Sprint 12 — Analytics and Reports
BWC,S12-008,E19,Task,Calculate sent count,"Detailed sprint backlog item from Sprint 12 — Analytics and Reports.

Sprint Goal: Implement business dashboards, campaign metrics, and report exports.

Task: Calculate sent count

Production Gate: Executive reports should use aggregated data where possible.",High,To Do,Analytics,"bwc,solo-scrum,sprint-12,e19,analytics,task",Sprint 12 — Analytics and Reports
BWC,S12-009,E19,Task,Calculate open count,"Detailed sprint backlog item from Sprint 12 — Analytics and Reports.

Sprint Goal: Implement business dashboards, campaign metrics, and report exports.

Task: Calculate open count

Production Gate: Executive reports should use aggregated data where possible.",High,To Do,Analytics,"bwc,solo-scrum,sprint-12,e19,analytics,task",Sprint 12 — Analytics and Reports
BWC,S12-010,E19,Task,Calculate click count,"Detailed sprint backlog item from Sprint 12 — Analytics and Reports.

Sprint Goal: Implement business dashboards, campaign metrics, and report exports.

Task: Calculate click count

Production Gate: Executive reports should use aggregated data where possible.",High,To Do,Analytics,"bwc,solo-scrum,sprint-12,e19,analytics,task",Sprint 12 — Analytics and Reports
BWC,S12-011,E19,Task,Calculate reply count,"Detailed sprint backlog item from Sprint 12 — Analytics and Reports.

Sprint Goal: Implement business dashboards, campaign metrics, and report exports.

Task: Calculate reply count

Production Gate: Executive reports should use aggregated data where possible.",High,To Do,Analytics,"bwc,solo-scrum,sprint-12,e19,analytics,task",Sprint 12 — Analytics and Reports
BWC,S12-012,E19,Task,Calculate conversion count,"Detailed sprint backlog item from Sprint 12 — Analytics and Reports.

Sprint Goal: Implement business dashboards, campaign metrics, and report exports.

Task: Calculate conversion count

Production Gate: Executive reports should use aggregated data where possible.",High,To Do,Analytics,"bwc,solo-scrum,sprint-12,e19,analytics,task",Sprint 12 — Analytics and Reports
BWC,S12-013,E19,Task,Calculate open rate,"Detailed sprint backlog item from Sprint 12 — Analytics and Reports.

Sprint Goal: Implement business dashboards, campaign metrics, and report exports.

Task: Calculate open rate

Production Gate: Executive reports should use aggregated data where possible.",High,To Do,Analytics,"bwc,solo-scrum,sprint-12,e19,analytics,task",Sprint 12 — Analytics and Reports
BWC,S12-014,E19,Task,Calculate click rate,"Detailed sprint backlog item from Sprint 12 — Analytics and Reports.

Sprint Goal: Implement business dashboards, campaign metrics, and report exports.

Task: Calculate click rate

Production Gate: Executive reports should use aggregated data where possible.",High,To Do,Analytics,"bwc,solo-scrum,sprint-12,e19,analytics,task",Sprint 12 — Analytics and Reports
BWC,S12-015,E19,Task,Calculate conversion rate,"Detailed sprint backlog item from Sprint 12 — Analytics and Reports.

Sprint Goal: Implement business dashboards, campaign metrics, and report exports.

Task: Calculate conversion rate

Production Gate: Executive reports should use aggregated data where possible.",High,To Do,Analytics,"bwc,solo-scrum,sprint-12,e19,analytics,task",Sprint 12 — Analytics and Reports
BWC,S12-016,E19,Task,Calculate estimated ROI,"Detailed sprint backlog item from Sprint 12 — Analytics and Reports.

Sprint Goal: Implement business dashboards, campaign metrics, and report exports.

Task: Calculate estimated ROI

Production Gate: Executive reports should use aggregated data where possible.",High,To Do,Analytics,"bwc,solo-scrum,sprint-12,e19,analytics,task",Sprint 12 — Analytics and Reports
BWC,S12-017,E19,Task,Build Dashboard screen,"Detailed sprint backlog item from Sprint 12 — Analytics and Reports.

Sprint Goal: Implement business dashboards, campaign metrics, and report exports.

Task: Build Dashboard screen

Production Gate: Executive reports should use aggregated data where possible.",High,To Do,Analytics,"bwc,solo-scrum,sprint-12,e19,analytics,task",Sprint 12 — Analytics and Reports
BWC,S12-018,E19,Task,Build Analytics screen,"Detailed sprint backlog item from Sprint 12 — Analytics and Reports.

Sprint Goal: Implement business dashboards, campaign metrics, and report exports.

Task: Build Analytics screen

Production Gate: Executive reports should use aggregated data where possible.",High,To Do,Analytics,"bwc,solo-scrum,sprint-12,e19,analytics,task",Sprint 12 — Analytics and Reports
BWC,S12-019,E20,Task,Implement ReportService,"Detailed sprint backlog item from Sprint 12 — Analytics and Reports.

Sprint Goal: Implement business dashboards, campaign metrics, and report exports.

Task: Implement ReportService

Production Gate: Executive reports should use aggregated data where possible.",High,To Do,Reports,"bwc,solo-scrum,sprint-12,e20,reports,task",Sprint 12 — Analytics and Reports
BWC,S12-020,E20,Task,Add CSV campaign report export,"Detailed sprint backlog item from Sprint 12 — Analytics and Reports.

Sprint Goal: Implement business dashboards, campaign metrics, and report exports.

Task: Add CSV campaign report export

Production Gate: Executive reports should use aggregated data where possible.",High,To Do,Reports,"bwc,solo-scrum,sprint-12,e20,reports,task",Sprint 12 — Analytics and Reports
BWC,S12-021,E20,Task,Add PDF campaign report export,"Detailed sprint backlog item from Sprint 12 — Analytics and Reports.

Sprint Goal: Implement business dashboards, campaign metrics, and report exports.

Task: Add PDF campaign report export

Production Gate: Executive reports should use aggregated data where possible.",High,To Do,Reports,"bwc,solo-scrum,sprint-12,e20,reports,task",Sprint 12 — Analytics and Reports
BWC,S12-022,E20,Task,Build Reports screen,"Detailed sprint backlog item from Sprint 12 — Analytics and Reports.

Sprint Goal: Implement business dashboards, campaign metrics, and report exports.

Task: Build Reports screen

Production Gate: Executive reports should use aggregated data where possible.",High,To Do,Reports,"bwc,solo-scrum,sprint-12,e20,reports,task",Sprint 12 — Analytics and Reports
BWC,S12-023,E19,Task,Add aggregated executive dashboard,"Detailed sprint backlog item from Sprint 12 — Analytics and Reports.

Sprint Goal: Implement business dashboards, campaign metrics, and report exports.

Task: Add aggregated executive dashboard

Production Gate: Executive reports should use aggregated data where possible.",High,To Do,Analytics,"bwc,solo-scrum,sprint-12,e19,analytics,task",Sprint 12 — Analytics and Reports
BWC,S12-024,E19,Task,Add analytics tests,"Detailed sprint backlog item from Sprint 12 — Analytics and Reports.

Sprint Goal: Implement business dashboards, campaign metrics, and report exports.

Task: Add analytics tests

Production Gate: Executive reports should use aggregated data where possible.",High,To Do,Analytics,"bwc,solo-scrum,sprint-12,e19,analytics,task",Sprint 12 — Analytics and Reports
BWC,S12-025,E20,Task,Add report export tests,"Detailed sprint backlog item from Sprint 12 — Analytics and Reports.

Sprint Goal: Implement business dashboards, campaign metrics, and report exports.

Task: Add report export tests

Production Gate: Executive reports should use aggregated data where possible.",High,To Do,Reports,"bwc,solo-scrum,sprint-12,e20,reports,task",Sprint 12 — Analytics and Reports
BWC,S13-001,E21,Task,Implement AiRecommendation entity,"Detailed sprint backlog item from Sprint 13 — AI-Assisted Features.

Sprint Goal: Implement AI-assisted decision support without allowing AI to make final legal or marketing decisions.

Task: Implement AiRecommendation entity

Production Gate: AI must be decision support only. It must not override compliance approval, consent, opt-out, do-not-contact, or eligibility rules.",High,To Do,AI-assisted features,"bwc,solo-scrum,sprint-13,e21,ai,task",Sprint 13 — AI-Assisted Features
BWC,S13-002,E21,Task,Implement AiRecommendationRepository,"Detailed sprint backlog item from Sprint 13 — AI-Assisted Features.

Sprint Goal: Implement AI-assisted decision support without allowing AI to make final legal or marketing decisions.

Task: Implement AiRecommendationRepository

Production Gate: AI must be decision support only. It must not override compliance approval, consent, opt-out, do-not-contact, or eligibility rules.",High,To Do,AI-assisted features,"bwc,solo-scrum,sprint-13,e21,ai,task",Sprint 13 — AI-Assisted Features
BWC,S13-003,E21,Task,Implement AiSearchService,"Detailed sprint backlog item from Sprint 13 — AI-Assisted Features.

Sprint Goal: Implement AI-assisted decision support without allowing AI to make final legal or marketing decisions.

Task: Implement AiSearchService

Production Gate: AI must be decision support only. It must not override compliance approval, consent, opt-out, do-not-contact, or eligibility rules.",High,To Do,AI-assisted features,"bwc,solo-scrum,sprint-13,e21,ai,task",Sprint 13 — AI-Assisted Features
BWC,S13-004,E21,Task,Implement fuzzy/weighted customer search,"Detailed sprint backlog item from Sprint 13 — AI-Assisted Features.

Sprint Goal: Implement AI-assisted decision support without allowing AI to make final legal or marketing decisions.

Task: Implement fuzzy/weighted customer search

Production Gate: AI must be decision support only. It must not override compliance approval, consent, opt-out, do-not-contact, or eligibility rules.",High,To Do,AI-assisted features,"bwc,solo-scrum,sprint-13,e21,ai,task",Sprint 13 — AI-Assisted Features
BWC,S13-005,E21,Task,Add explainScore output,"Detailed sprint backlog item from Sprint 13 — AI-Assisted Features.

Sprint Goal: Implement AI-assisted decision support without allowing AI to make final legal or marketing decisions.

Task: Add explainScore output

Production Gate: AI must be decision support only. It must not override compliance approval, consent, opt-out, do-not-contact, or eligibility rules.",High,To Do,AI-assisted features,"bwc,solo-scrum,sprint-13,e21,ai,task",Sprint 13 — AI-Assisted Features
BWC,S13-006,E21,Task,Implement AiRecommendationService,"Detailed sprint backlog item from Sprint 13 — AI-Assisted Features.

Sprint Goal: Implement AI-assisted decision support without allowing AI to make final legal or marketing decisions.

Task: Implement AiRecommendationService

Production Gate: AI must be decision support only. It must not override compliance approval, consent, opt-out, do-not-contact, or eligibility rules.",High,To Do,AI-assisted features,"bwc,solo-scrum,sprint-13,e21,ai,task",Sprint 13 — AI-Assisted Features
BWC,S13-007,E21,Task,Implement product recommendation rules,"Detailed sprint backlog item from Sprint 13 — AI-Assisted Features.

Sprint Goal: Implement AI-assisted decision support without allowing AI to make final legal or marketing decisions.

Task: Implement product recommendation rules

Production Gate: AI must be decision support only. It must not override compliance approval, consent, opt-out, do-not-contact, or eligibility rules.",High,To Do,AI-assisted features,"bwc,solo-scrum,sprint-13,e21,ai,task",Sprint 13 — AI-Assisted Features
BWC,S13-008,E21,Task,Implement segment suggestion rules,"Detailed sprint backlog item from Sprint 13 — AI-Assisted Features.

Sprint Goal: Implement AI-assisted decision support without allowing AI to make final legal or marketing decisions.

Task: Implement segment suggestion rules

Production Gate: AI must be decision support only. It must not override compliance approval, consent, opt-out, do-not-contact, or eligibility rules.",High,To Do,AI-assisted features,"bwc,solo-scrum,sprint-13,e21,ai,task",Sprint 13 — AI-Assisted Features
BWC,S13-009,E21,Task,Implement default-risk scoring,"Detailed sprint backlog item from Sprint 13 — AI-Assisted Features.

Sprint Goal: Implement AI-assisted decision support without allowing AI to make final legal or marketing decisions.

Task: Implement default-risk scoring

Production Gate: AI must be decision support only. It must not override compliance approval, consent, opt-out, do-not-contact, or eligibility rules.",High,To Do,AI-assisted features,"bwc,solo-scrum,sprint-13,e21,ai,task",Sprint 13 — AI-Assisted Features
BWC,S13-010,E21,Task,Implement duplicate-contact risk warning,"Detailed sprint backlog item from Sprint 13 — AI-Assisted Features.

Sprint Goal: Implement AI-assisted decision support without allowing AI to make final legal or marketing decisions.

Task: Implement duplicate-contact risk warning

Production Gate: AI must be decision support only. It must not override compliance approval, consent, opt-out, do-not-contact, or eligibility rules.",High,To Do,AI-assisted features,"bwc,solo-scrum,sprint-13,e21,ai,task",Sprint 13 — AI-Assisted Features
BWC,S13-011,E21,Task,Implement CampaignCopyService,"Detailed sprint backlog item from Sprint 13 — AI-Assisted Features.

Sprint Goal: Implement AI-assisted decision support without allowing AI to make final legal or marketing decisions.

Task: Implement CampaignCopyService

Production Gate: AI must be decision support only. It must not override compliance approval, consent, opt-out, do-not-contact, or eligibility rules.",High,To Do,AI-assisted features,"bwc,solo-scrum,sprint-13,e21,ai,task",Sprint 13 — AI-Assisted Features
BWC,S13-012,E21,Task,Implement campaign copy suggestion,"Detailed sprint backlog item from Sprint 13 — AI-Assisted Features.

Sprint Goal: Implement AI-assisted decision support without allowing AI to make final legal or marketing decisions.

Task: Implement campaign copy suggestion

Production Gate: AI must be decision support only. It must not override compliance approval, consent, opt-out, do-not-contact, or eligibility rules.",High,To Do,AI-assisted features,"bwc,solo-scrum,sprint-13,e21,ai,task",Sprint 13 — AI-Assisted Features
BWC,S13-013,E21,Task,Require human approval for campaign copy,"Detailed sprint backlog item from Sprint 13 — AI-Assisted Features.

Sprint Goal: Implement AI-assisted decision support without allowing AI to make final legal or marketing decisions.

Task: Require human approval for campaign copy

Production Gate: AI must be decision support only. It must not override compliance approval, consent, opt-out, do-not-contact, or eligibility rules.",High,To Do,AI-assisted features,"bwc,solo-scrum,sprint-13,e21,ai,task",Sprint 13 — AI-Assisted Features
BWC,S13-014,E21,Task,Store recommendation explanation,"Detailed sprint backlog item from Sprint 13 — AI-Assisted Features.

Sprint Goal: Implement AI-assisted decision support without allowing AI to make final legal or marketing decisions.

Task: Store recommendation explanation

Production Gate: AI must be decision support only. It must not override compliance approval, consent, opt-out, do-not-contact, or eligibility rules.",High,To Do,AI-assisted features,"bwc,solo-scrum,sprint-13,e21,ai,task",Sprint 13 — AI-Assisted Features
BWC,S13-015,E21,Task,Add AI endpoints,"Detailed sprint backlog item from Sprint 13 — AI-Assisted Features.

Sprint Goal: Implement AI-assisted decision support without allowing AI to make final legal or marketing decisions.

Task: Add AI endpoints

Production Gate: AI must be decision support only. It must not override compliance approval, consent, opt-out, do-not-contact, or eligibility rules.",High,To Do,AI-assisted features,"bwc,solo-scrum,sprint-13,e21,ai,task",Sprint 13 — AI-Assisted Features
BWC,S13-016,E21,Task,Add AI UI sections,"Detailed sprint backlog item from Sprint 13 — AI-Assisted Features.

Sprint Goal: Implement AI-assisted decision support without allowing AI to make final legal or marketing decisions.

Task: Add AI UI sections

Production Gate: AI must be decision support only. It must not override compliance approval, consent, opt-out, do-not-contact, or eligibility rules.",High,To Do,AI-assisted features,"bwc,solo-scrum,sprint-13,e21,ai,task",Sprint 13 — AI-Assisted Features
BWC,S13-017,E21,Task,Add tests for fuzzy search,"Detailed sprint backlog item from Sprint 13 — AI-Assisted Features.

Sprint Goal: Implement AI-assisted decision support without allowing AI to make final legal or marketing decisions.

Task: Add tests for fuzzy search

Production Gate: AI must be decision support only. It must not override compliance approval, consent, opt-out, do-not-contact, or eligibility rules.",High,To Do,AI-assisted features,"bwc,solo-scrum,sprint-13,e21,ai,task",Sprint 13 — AI-Assisted Features
BWC,S13-018,E21,Task,Add tests for recommendation logic,"Detailed sprint backlog item from Sprint 13 — AI-Assisted Features.

Sprint Goal: Implement AI-assisted decision support without allowing AI to make final legal or marketing decisions.

Task: Add tests for recommendation logic

Production Gate: AI must be decision support only. It must not override compliance approval, consent, opt-out, do-not-contact, or eligibility rules.",High,To Do,AI-assisted features,"bwc,solo-scrum,sprint-13,e21,ai,task",Sprint 13 — AI-Assisted Features
BWC,S13-019,E21,Task,Add tests proving AI does not bypass consent or approval,"Detailed sprint backlog item from Sprint 13 — AI-Assisted Features.

Sprint Goal: Implement AI-assisted decision support without allowing AI to make final legal or marketing decisions.

Task: Add tests proving AI does not bypass consent or approval

Production Gate: AI must be decision support only. It must not override compliance approval, consent, opt-out, do-not-contact, or eligibility rules.",High,To Do,AI-assisted features,"bwc,solo-scrum,sprint-13,e21,ai,task",Sprint 13 — AI-Assisted Features
BWC,S14-001,E22,Task,Implement AuditLog entity,"Detailed sprint backlog item from Sprint 14 — Audit Logging, Security Hardening, and System Settings.

Sprint Goal: Harden the system for production readiness and accountability.

Task: Implement AuditLog entity

Production Gate: Sensitive actions must be auditable and production must not expose secrets or stack traces.",Highest,To Do,Audit logging,"bwc,solo-scrum,sprint-14,e22,audit-logging,task","Sprint 14 — Audit Logging, Security Hardening, and System Settings"
BWC,S14-002,E22,Task,Implement AuditLogRepository,"Detailed sprint backlog item from Sprint 14 — Audit Logging, Security Hardening, and System Settings.

Sprint Goal: Harden the system for production readiness and accountability.

Task: Implement AuditLogRepository

Production Gate: Sensitive actions must be auditable and production must not expose secrets or stack traces.",Highest,To Do,Audit logging,"bwc,solo-scrum,sprint-14,e22,audit-logging,task","Sprint 14 — Audit Logging, Security Hardening, and System Settings"
BWC,S14-003,E22,Task,Implement AuditService,"Detailed sprint backlog item from Sprint 14 — Audit Logging, Security Hardening, and System Settings.

Sprint Goal: Harden the system for production readiness and accountability.

Task: Implement AuditService

Production Gate: Sensitive actions must be auditable and production must not expose secrets or stack traces.",Highest,To Do,Audit logging,"bwc,solo-scrum,sprint-14,e22,audit-logging,task","Sprint 14 — Audit Logging, Security Hardening, and System Settings"
BWC,S14-004,E22,Task,Log user creation,"Detailed sprint backlog item from Sprint 14 — Audit Logging, Security Hardening, and System Settings.

Sprint Goal: Harden the system for production readiness and accountability.

Task: Log user creation

Production Gate: Sensitive actions must be auditable and production must not expose secrets or stack traces.",Highest,To Do,Audit logging,"bwc,solo-scrum,sprint-14,e22,audit-logging,task","Sprint 14 — Audit Logging, Security Hardening, and System Settings"
BWC,S14-005,E22,Task,Log role changes,"Detailed sprint backlog item from Sprint 14 — Audit Logging, Security Hardening, and System Settings.

Sprint Goal: Harden the system for production readiness and accountability.

Task: Log role changes

Production Gate: Sensitive actions must be auditable and production must not expose secrets or stack traces.",Highest,To Do,Audit logging,"bwc,solo-scrum,sprint-14,e22,audit-logging,task","Sprint 14 — Audit Logging, Security Hardening, and System Settings"
BWC,S14-006,E22,Task,Log user disable,"Detailed sprint backlog item from Sprint 14 — Audit Logging, Security Hardening, and System Settings.

Sprint Goal: Harden the system for production readiness and accountability.

Task: Log user disable

Production Gate: Sensitive actions must be auditable and production must not expose secrets or stack traces.",Highest,To Do,Audit logging,"bwc,solo-scrum,sprint-14,e22,audit-logging,task","Sprint 14 — Audit Logging, Security Hardening, and System Settings"
BWC,S14-007,E22,Task,Log customer deletion,"Detailed sprint backlog item from Sprint 14 — Audit Logging, Security Hardening, and System Settings.

Sprint Goal: Harden the system for production readiness and accountability.

Task: Log customer deletion

Production Gate: Sensitive actions must be auditable and production must not expose secrets or stack traces.",Highest,To Do,Audit logging,"bwc,solo-scrum,sprint-14,e22,audit-logging,task","Sprint 14 — Audit Logging, Security Hardening, and System Settings"
BWC,S14-008,E22,Task,Log consent changes,"Detailed sprint backlog item from Sprint 14 — Audit Logging, Security Hardening, and System Settings.

Sprint Goal: Harden the system for production readiness and accountability.

Task: Log consent changes

Production Gate: Sensitive actions must be auditable and production must not expose secrets or stack traces.",Highest,To Do,Audit logging,"bwc,solo-scrum,sprint-14,e22,audit-logging,task","Sprint 14 — Audit Logging, Security Hardening, and System Settings"
BWC,S14-009,E22,Task,Log campaign approval/rejection,"Detailed sprint backlog item from Sprint 14 — Audit Logging, Security Hardening, and System Settings.

Sprint Goal: Harden the system for production readiness and accountability.

Task: Log campaign approval/rejection

Production Gate: Sensitive actions must be auditable and production must not expose secrets or stack traces.",Highest,To Do,Audit logging,"bwc,solo-scrum,sprint-14,e22,audit-logging,task","Sprint 14 — Audit Logging, Security Hardening, and System Settings"
BWC,S14-010,E22,Task,Log campaign launch,"Detailed sprint backlog item from Sprint 14 — Audit Logging, Security Hardening, and System Settings.

Sprint Goal: Harden the system for production readiness and accountability.

Task: Log campaign launch

Production Gate: Sensitive actions must be auditable and production must not expose secrets or stack traces.",Highest,To Do,Audit logging,"bwc,solo-scrum,sprint-14,e22,audit-logging,task","Sprint 14 — Audit Logging, Security Hardening, and System Settings"
BWC,S14-011,E22,Task,Log product changes,"Detailed sprint backlog item from Sprint 14 — Audit Logging, Security Hardening, and System Settings.

Sprint Goal: Harden the system for production readiness and accountability.

Task: Log product changes

Production Gate: Sensitive actions must be auditable and production must not expose secrets or stack traces.",Highest,To Do,Audit logging,"bwc,solo-scrum,sprint-14,e22,audit-logging,task","Sprint 14 — Audit Logging, Security Hardening, and System Settings"
BWC,S14-012,E22,Task,Build Audit Log screen,"Detailed sprint backlog item from Sprint 14 — Audit Logging, Security Hardening, and System Settings.

Sprint Goal: Harden the system for production readiness and accountability.

Task: Build Audit Log screen

Production Gate: Sensitive actions must be auditable and production must not expose secrets or stack traces.",Highest,To Do,Audit logging,"bwc,solo-scrum,sprint-14,e22,audit-logging,task","Sprint 14 — Audit Logging, Security Hardening, and System Settings"
BWC,S14-013,E22,Task,Build System Settings screen,"Detailed sprint backlog item from Sprint 14 — Audit Logging, Security Hardening, and System Settings.

Sprint Goal: Harden the system for production readiness and accountability.

Task: Build System Settings screen

Production Gate: Sensitive actions must be auditable and production must not expose secrets or stack traces.",Highest,To Do,Audit logging,"bwc,solo-scrum,sprint-14,e22,audit-logging,task","Sprint 14 — Audit Logging, Security Hardening, and System Settings"
BWC,S14-014,E22,Task,Add configurable monthly contact limit,"Detailed sprint backlog item from Sprint 14 — Audit Logging, Security Hardening, and System Settings.

Sprint Goal: Harden the system for production readiness and accountability.

Task: Add configurable monthly contact limit

Production Gate: Sensitive actions must be auditable and production must not expose secrets or stack traces.",Highest,To Do,Audit logging,"bwc,solo-scrum,sprint-14,e22,audit-logging,task","Sprint 14 — Audit Logging, Security Hardening, and System Settings"
BWC,S14-015,E22,Task,Add configurable retry limit,"Detailed sprint backlog item from Sprint 14 — Audit Logging, Security Hardening, and System Settings.

Sprint Goal: Harden the system for production readiness and accountability.

Task: Add configurable retry limit

Production Gate: Sensitive actions must be auditable and production must not expose secrets or stack traces.",Highest,To Do,Audit logging,"bwc,solo-scrum,sprint-14,e22,audit-logging,task","Sprint 14 — Audit Logging, Security Hardening, and System Settings"
BWC,S14-016,E22,Task,Add configurable uninterested exclusion period,"Detailed sprint backlog item from Sprint 14 — Audit Logging, Security Hardening, and System Settings.

Sprint Goal: Harden the system for production readiness and accountability.

Task: Add configurable uninterested exclusion period

Production Gate: Sensitive actions must be auditable and production must not expose secrets or stack traces.",Highest,To Do,Audit logging,"bwc,solo-scrum,sprint-14,e22,audit-logging,task","Sprint 14 — Audit Logging, Security Hardening, and System Settings"
BWC,S14-017,E23,Task,Add secure error responses,"Detailed sprint backlog item from Sprint 14 — Audit Logging, Security Hardening, and System Settings.

Sprint Goal: Harden the system for production readiness and accountability.

Task: Add secure error responses

Production Gate: Sensitive actions must be auditable and production must not expose secrets or stack traces.",Highest,To Do,Security hardening,"bwc,solo-scrum,sprint-14,e23,security-hardening,task","Sprint 14 — Audit Logging, Security Hardening, and System Settings"
BWC,S14-018,E23,Task,Hide stack traces in production,"Detailed sprint backlog item from Sprint 14 — Audit Logging, Security Hardening, and System Settings.

Sprint Goal: Harden the system for production readiness and accountability.

Task: Hide stack traces in production

Production Gate: Sensitive actions must be auditable and production must not expose secrets or stack traces.",Highest,To Do,Security hardening,"bwc,solo-scrum,sprint-14,e23,security-hardening,task","Sprint 14 — Audit Logging, Security Hardening, and System Settings"
BWC,S14-019,E23,Task,Add CORS production configuration,"Detailed sprint backlog item from Sprint 14 — Audit Logging, Security Hardening, and System Settings.

Sprint Goal: Harden the system for production readiness and accountability.

Task: Add CORS production configuration

Production Gate: Sensitive actions must be auditable and production must not expose secrets or stack traces.",Highest,To Do,Security hardening,"bwc,solo-scrum,sprint-14,e23,security-hardening,task","Sprint 14 — Audit Logging, Security Hardening, and System Settings"
BWC,S14-020,E23,Task,Add HTTPS production requirement,"Detailed sprint backlog item from Sprint 14 — Audit Logging, Security Hardening, and System Settings.

Sprint Goal: Harden the system for production readiness and accountability.

Task: Add HTTPS production requirement

Production Gate: Sensitive actions must be auditable and production must not expose secrets or stack traces.",Highest,To Do,Security hardening,"bwc,solo-scrum,sprint-14,e23,security-hardening,task","Sprint 14 — Audit Logging, Security Hardening, and System Settings"
BWC,S14-021,E22,Task,Add environment variable validation,"Detailed sprint backlog item from Sprint 14 — Audit Logging, Security Hardening, and System Settings.

Sprint Goal: Harden the system for production readiness and accountability.

Task: Add environment variable validation

Production Gate: Sensitive actions must be auditable and production must not expose secrets or stack traces.",Highest,To Do,Audit logging,"bwc,solo-scrum,sprint-14,e22,audit-logging,task","Sprint 14 — Audit Logging, Security Hardening, and System Settings"
BWC,S14-022,E23,Task,Add login rate limiting or lockout strategy,"Detailed sprint backlog item from Sprint 14 — Audit Logging, Security Hardening, and System Settings.

Sprint Goal: Harden the system for production readiness and accountability.

Task: Add login rate limiting or lockout strategy

Production Gate: Sensitive actions must be auditable and production must not expose secrets or stack traces.",Highest,To Do,Security hardening,"bwc,solo-scrum,sprint-14,e23,security-hardening,task","Sprint 14 — Audit Logging, Security Hardening, and System Settings"
BWC,S14-023,E23,Task,Add security tests for all protected endpoints,"Detailed sprint backlog item from Sprint 14 — Audit Logging, Security Hardening, and System Settings.

Sprint Goal: Harden the system for production readiness and accountability.

Task: Add security tests for all protected endpoints

Production Gate: Sensitive actions must be auditable and production must not expose secrets or stack traces.",Highest,To Do,Security hardening,"bwc,solo-scrum,sprint-14,e23,security-hardening,task","Sprint 14 — Audit Logging, Security Hardening, and System Settings"
BWC,S14-024,E22,Task,Add audit tests,"Detailed sprint backlog item from Sprint 14 — Audit Logging, Security Hardening, and System Settings.

Sprint Goal: Harden the system for production readiness and accountability.

Task: Add audit tests

Production Gate: Sensitive actions must be auditable and production must not expose secrets or stack traces.",Highest,To Do,Audit logging,"bwc,solo-scrum,sprint-14,e22,audit-logging,task","Sprint 14 — Audit Logging, Security Hardening, and System Settings"
BWC,S15-001,E05,Task,Implement application layout,"Detailed sprint backlog item from Sprint 15 — Frontend Professionalization and Accessibility.

Sprint Goal: Make the application usable, professional, accessible, and role-aware.

Task: Implement application layout

Production Gate: A business user should be able to complete core workflows without developer help.",Medium,To Do,Frontend foundation,"bwc,solo-scrum,sprint-15,e05,frontend,task",Sprint 15 — Frontend Professionalization and Accessibility
BWC,S15-002,E05,Task,Implement sidebar navigation,"Detailed sprint backlog item from Sprint 15 — Frontend Professionalization and Accessibility.

Sprint Goal: Make the application usable, professional, accessible, and role-aware.

Task: Implement sidebar navigation

Production Gate: A business user should be able to complete core workflows without developer help.",Medium,To Do,Frontend foundation,"bwc,solo-scrum,sprint-15,e05,frontend,task",Sprint 15 — Frontend Professionalization and Accessibility
BWC,S15-003,E05,Task,Implement top bar/user menu,"Detailed sprint backlog item from Sprint 15 — Frontend Professionalization and Accessibility.

Sprint Goal: Make the application usable, professional, accessible, and role-aware.

Task: Implement top bar/user menu

Production Gate: A business user should be able to complete core workflows without developer help.",Medium,To Do,Frontend foundation,"bwc,solo-scrum,sprint-15,e05,frontend,task",Sprint 15 — Frontend Professionalization and Accessibility
BWC,S15-004,E05,Task,Implement role-based menu visibility,"Detailed sprint backlog item from Sprint 15 — Frontend Professionalization and Accessibility.

Sprint Goal: Make the application usable, professional, accessible, and role-aware.

Task: Implement role-based menu visibility

Production Gate: A business user should be able to complete core workflows without developer help.",Medium,To Do,Frontend foundation,"bwc,solo-scrum,sprint-15,e05,frontend,task",Sprint 15 — Frontend Professionalization and Accessibility
BWC,S15-005,E05,Task,Add loading states,"Detailed sprint backlog item from Sprint 15 — Frontend Professionalization and Accessibility.

Sprint Goal: Make the application usable, professional, accessible, and role-aware.

Task: Add loading states

Production Gate: A business user should be able to complete core workflows without developer help.",Medium,To Do,Frontend foundation,"bwc,solo-scrum,sprint-15,e05,frontend,task",Sprint 15 — Frontend Professionalization and Accessibility
BWC,S15-006,E05,Task,Add empty states,"Detailed sprint backlog item from Sprint 15 — Frontend Professionalization and Accessibility.

Sprint Goal: Make the application usable, professional, accessible, and role-aware.

Task: Add empty states

Production Gate: A business user should be able to complete core workflows without developer help.",Medium,To Do,Frontend foundation,"bwc,solo-scrum,sprint-15,e05,frontend,task",Sprint 15 — Frontend Professionalization and Accessibility
BWC,S15-007,E05,Task,Add error states,"Detailed sprint backlog item from Sprint 15 — Frontend Professionalization and Accessibility.

Sprint Goal: Make the application usable, professional, accessible, and role-aware.

Task: Add error states

Production Gate: A business user should be able to complete core workflows without developer help.",Medium,To Do,Frontend foundation,"bwc,solo-scrum,sprint-15,e05,frontend,task",Sprint 15 — Frontend Professionalization and Accessibility
BWC,S15-008,E05,Task,Add form validation messages,"Detailed sprint backlog item from Sprint 15 — Frontend Professionalization and Accessibility.

Sprint Goal: Make the application usable, professional, accessible, and role-aware.

Task: Add form validation messages

Production Gate: A business user should be able to complete core workflows without developer help.",Medium,To Do,Frontend foundation,"bwc,solo-scrum,sprint-15,e05,frontend,task",Sprint 15 — Frontend Professionalization and Accessibility
BWC,S15-009,E05,Task,Add confirmation dialogs for sensitive actions,"Detailed sprint backlog item from Sprint 15 — Frontend Professionalization and Accessibility.

Sprint Goal: Make the application usable, professional, accessible, and role-aware.

Task: Add confirmation dialogs for sensitive actions

Production Gate: A business user should be able to complete core workflows without developer help.",Medium,To Do,Frontend foundation,"bwc,solo-scrum,sprint-15,e05,frontend,task",Sprint 15 — Frontend Professionalization and Accessibility
BWC,S15-010,E05,Task,Add status badges for campaigns,"Detailed sprint backlog item from Sprint 15 — Frontend Professionalization and Accessibility.

Sprint Goal: Make the application usable, professional, accessible, and role-aware.

Task: Add status badges for campaigns

Production Gate: A business user should be able to complete core workflows without developer help.",Medium,To Do,Frontend foundation,"bwc,solo-scrum,sprint-15,e05,frontend,task",Sprint 15 — Frontend Professionalization and Accessibility
BWC,S15-011,E05,Task,Add status badges for customers,"Detailed sprint backlog item from Sprint 15 — Frontend Professionalization and Accessibility.

Sprint Goal: Make the application usable, professional, accessible, and role-aware.

Task: Add status badges for customers

Production Gate: A business user should be able to complete core workflows without developer help.",Medium,To Do,Frontend foundation,"bwc,solo-scrum,sprint-15,e05,frontend,task",Sprint 15 — Frontend Professionalization and Accessibility
BWC,S15-012,E05,Task,Add consent status badges,"Detailed sprint backlog item from Sprint 15 — Frontend Professionalization and Accessibility.

Sprint Goal: Make the application usable, professional, accessible, and role-aware.

Task: Add consent status badges

Production Gate: A business user should be able to complete core workflows without developer help.",Medium,To Do,Frontend foundation,"bwc,solo-scrum,sprint-15,e05,frontend,task",Sprint 15 — Frontend Professionalization and Accessibility
BWC,S15-013,E05,Task,Add reminder level badges,"Detailed sprint backlog item from Sprint 15 — Frontend Professionalization and Accessibility.

Sprint Goal: Make the application usable, professional, accessible, and role-aware.

Task: Add reminder level badges

Production Gate: A business user should be able to complete core workflows without developer help.",Medium,To Do,Frontend foundation,"bwc,solo-scrum,sprint-15,e05,frontend,task",Sprint 15 — Frontend Professionalization and Accessibility
BWC,S15-014,E05,Task,Add responsive layout,"Detailed sprint backlog item from Sprint 15 — Frontend Professionalization and Accessibility.

Sprint Goal: Make the application usable, professional, accessible, and role-aware.

Task: Add responsive layout

Production Gate: A business user should be able to complete core workflows without developer help.",Medium,To Do,Frontend foundation,"bwc,solo-scrum,sprint-15,e05,frontend,task",Sprint 15 — Frontend Professionalization and Accessibility
BWC,S15-015,E05,Task,Add keyboard navigation support,"Detailed sprint backlog item from Sprint 15 — Frontend Professionalization and Accessibility.

Sprint Goal: Make the application usable, professional, accessible, and role-aware.

Task: Add keyboard navigation support

Production Gate: A business user should be able to complete core workflows without developer help.",Medium,To Do,Frontend foundation,"bwc,solo-scrum,sprint-15,e05,frontend,task",Sprint 15 — Frontend Professionalization and Accessibility
BWC,S15-016,E05,Task,Add labels for form controls,"Detailed sprint backlog item from Sprint 15 — Frontend Professionalization and Accessibility.

Sprint Goal: Make the application usable, professional, accessible, and role-aware.

Task: Add labels for form controls

Production Gate: A business user should be able to complete core workflows without developer help.",Medium,To Do,Frontend foundation,"bwc,solo-scrum,sprint-15,e05,frontend,task",Sprint 15 — Frontend Professionalization and Accessibility
BWC,S15-017,E05,Task,Check contrast and readability,"Detailed sprint backlog item from Sprint 15 — Frontend Professionalization and Accessibility.

Sprint Goal: Make the application usable, professional, accessible, and role-aware.

Task: Check contrast and readability

Production Gate: A business user should be able to complete core workflows without developer help.",Medium,To Do,Frontend foundation,"bwc,solo-scrum,sprint-15,e05,frontend,task",Sprint 15 — Frontend Professionalization and Accessibility
BWC,S15-018,E05,Task,Add frontend component tests,"Detailed sprint backlog item from Sprint 15 — Frontend Professionalization and Accessibility.

Sprint Goal: Make the application usable, professional, accessible, and role-aware.

Task: Add frontend component tests

Production Gate: A business user should be able to complete core workflows without developer help.",Medium,To Do,Frontend foundation,"bwc,solo-scrum,sprint-15,e05,frontend,task",Sprint 15 — Frontend Professionalization and Accessibility
BWC,S15-019,E05,Task,Add frontend integration tests,"Detailed sprint backlog item from Sprint 15 — Frontend Professionalization and Accessibility.

Sprint Goal: Make the application usable, professional, accessible, and role-aware.

Task: Add frontend integration tests

Production Gate: A business user should be able to complete core workflows without developer help.",Medium,To Do,Frontend foundation,"bwc,solo-scrum,sprint-15,e05,frontend,task",Sprint 15 — Frontend Professionalization and Accessibility
BWC,S15-020,E05,Task,Add Playwright E2E happy path,"Detailed sprint backlog item from Sprint 15 — Frontend Professionalization and Accessibility.

Sprint Goal: Make the application usable, professional, accessible, and role-aware.

Task: Add Playwright E2E happy path

Production Gate: A business user should be able to complete core workflows without developer help.",Medium,To Do,Frontend foundation,"bwc,solo-scrum,sprint-15,e05,frontend,task",Sprint 15 — Frontend Professionalization and Accessibility
BWC,S16-001,E24,Task,Create master test plan,"Detailed sprint backlog item from Sprint 16 — Full Test Suite and Quality Assurance.

Sprint Goal: Verify the system against functional, non-functional, security, business-rule, and production-readiness requirements.

Task: Create master test plan

Production Gate: No production release if critical tests fail.",Highest,To Do,Testing and quality assurance,"bwc,solo-scrum,sprint-16,e24,testing-and-qa,task",Sprint 16 — Full Test Suite and Quality Assurance
BWC,S16-002,E24,Task,Run backend unit tests,"Detailed sprint backlog item from Sprint 16 — Full Test Suite and Quality Assurance.

Sprint Goal: Verify the system against functional, non-functional, security, business-rule, and production-readiness requirements.

Task: Run backend unit tests

Production Gate: No production release if critical tests fail.",Highest,To Do,Testing and quality assurance,"bwc,solo-scrum,sprint-16,e24,testing-and-qa,task",Sprint 16 — Full Test Suite and Quality Assurance
BWC,S16-003,E24,Task,Run repository tests,"Detailed sprint backlog item from Sprint 16 — Full Test Suite and Quality Assurance.

Sprint Goal: Verify the system against functional, non-functional, security, business-rule, and production-readiness requirements.

Task: Run repository tests

Production Gate: No production release if critical tests fail.",Highest,To Do,Testing and quality assurance,"bwc,solo-scrum,sprint-16,e24,testing-and-qa,task",Sprint 16 — Full Test Suite and Quality Assurance
BWC,S16-004,E24,Task,Run integration tests with Testcontainers,"Detailed sprint backlog item from Sprint 16 — Full Test Suite and Quality Assurance.

Sprint Goal: Verify the system against functional, non-functional, security, business-rule, and production-readiness requirements.

Task: Run integration tests with Testcontainers

Production Gate: No production release if critical tests fail.",Highest,To Do,Testing and quality assurance,"bwc,solo-scrum,sprint-16,e24,testing-and-qa,task",Sprint 16 — Full Test Suite and Quality Assurance
BWC,S16-005,E24,Task,Run API tests,"Detailed sprint backlog item from Sprint 16 — Full Test Suite and Quality Assurance.

Sprint Goal: Verify the system against functional, non-functional, security, business-rule, and production-readiness requirements.

Task: Run API tests

Production Gate: No production release if critical tests fail.",Highest,To Do,Testing and quality assurance,"bwc,solo-scrum,sprint-16,e24,testing-and-qa,task",Sprint 16 — Full Test Suite and Quality Assurance
BWC,S16-006,E24,Task,Run role-based access tests,"Detailed sprint backlog item from Sprint 16 — Full Test Suite and Quality Assurance.

Sprint Goal: Verify the system against functional, non-functional, security, business-rule, and production-readiness requirements.

Task: Run role-based access tests

Production Gate: No production release if critical tests fail.",Highest,To Do,Testing and quality assurance,"bwc,solo-scrum,sprint-16,e24,testing-and-qa,task",Sprint 16 — Full Test Suite and Quality Assurance
BWC,S16-007,E24,Task,Run consent and eligibility tests,"Detailed sprint backlog item from Sprint 16 — Full Test Suite and Quality Assurance.

Sprint Goal: Verify the system against functional, non-functional, security, business-rule, and production-readiness requirements.

Task: Run consent and eligibility tests

Production Gate: No production release if critical tests fail.",Highest,To Do,Testing and quality assurance,"bwc,solo-scrum,sprint-16,e24,testing-and-qa,task",Sprint 16 — Full Test Suite and Quality Assurance
BWC,S16-008,E24,Task,Run campaign workflow tests,"Detailed sprint backlog item from Sprint 16 — Full Test Suite and Quality Assurance.

Sprint Goal: Verify the system against functional, non-functional, security, business-rule, and production-readiness requirements.

Task: Run campaign workflow tests

Production Gate: No production release if critical tests fail.",Highest,To Do,Testing and quality assurance,"bwc,solo-scrum,sprint-16,e24,testing-and-qa,task",Sprint 16 — Full Test Suite and Quality Assurance
BWC,S16-009,E24,Task,Run reminder tests,"Detailed sprint backlog item from Sprint 16 — Full Test Suite and Quality Assurance.

Sprint Goal: Verify the system against functional, non-functional, security, business-rule, and production-readiness requirements.

Task: Run reminder tests

Production Gate: No production release if critical tests fail.",Highest,To Do,Testing and quality assurance,"bwc,solo-scrum,sprint-16,e24,testing-and-qa,task",Sprint 16 — Full Test Suite and Quality Assurance
BWC,S16-010,E24,Task,Run analytics tests,"Detailed sprint backlog item from Sprint 16 — Full Test Suite and Quality Assurance.

Sprint Goal: Verify the system against functional, non-functional, security, business-rule, and production-readiness requirements.

Task: Run analytics tests

Production Gate: No production release if critical tests fail.",Highest,To Do,Testing and quality assurance,"bwc,solo-scrum,sprint-16,e24,testing-and-qa,task",Sprint 16 — Full Test Suite and Quality Assurance
BWC,S16-011,E24,Task,Run report export tests,"Detailed sprint backlog item from Sprint 16 — Full Test Suite and Quality Assurance.

Sprint Goal: Verify the system against functional, non-functional, security, business-rule, and production-readiness requirements.

Task: Run report export tests

Production Gate: No production release if critical tests fail.",Highest,To Do,Testing and quality assurance,"bwc,solo-scrum,sprint-16,e24,testing-and-qa,task",Sprint 16 — Full Test Suite and Quality Assurance
BWC,S16-012,E24,Task,Run audit log tests,"Detailed sprint backlog item from Sprint 16 — Full Test Suite and Quality Assurance.

Sprint Goal: Verify the system against functional, non-functional, security, business-rule, and production-readiness requirements.

Task: Run audit log tests

Production Gate: No production release if critical tests fail.",Highest,To Do,Testing and quality assurance,"bwc,solo-scrum,sprint-16,e24,testing-and-qa,task",Sprint 16 — Full Test Suite and Quality Assurance
BWC,S16-013,E24,Task,Run frontend component tests,"Detailed sprint backlog item from Sprint 16 — Full Test Suite and Quality Assurance.

Sprint Goal: Verify the system against functional, non-functional, security, business-rule, and production-readiness requirements.

Task: Run frontend component tests

Production Gate: No production release if critical tests fail.",Highest,To Do,Testing and quality assurance,"bwc,solo-scrum,sprint-16,e24,testing-and-qa,task",Sprint 16 — Full Test Suite and Quality Assurance
BWC,S16-014,E24,Task,Run frontend integration tests,"Detailed sprint backlog item from Sprint 16 — Full Test Suite and Quality Assurance.

Sprint Goal: Verify the system against functional, non-functional, security, business-rule, and production-readiness requirements.

Task: Run frontend integration tests

Production Gate: No production release if critical tests fail.",Highest,To Do,Testing and quality assurance,"bwc,solo-scrum,sprint-16,e24,testing-and-qa,task",Sprint 16 — Full Test Suite and Quality Assurance
BWC,S16-015,E24,Task,Run E2E tests,"Detailed sprint backlog item from Sprint 16 — Full Test Suite and Quality Assurance.

Sprint Goal: Verify the system against functional, non-functional, security, business-rule, and production-readiness requirements.

Task: Run E2E tests

Production Gate: No production release if critical tests fail.",Highest,To Do,Testing and quality assurance,"bwc,solo-scrum,sprint-16,e24,testing-and-qa,task",Sprint 16 — Full Test Suite and Quality Assurance
BWC,S16-016,E24,Task,Run accessibility checks,"Detailed sprint backlog item from Sprint 16 — Full Test Suite and Quality Assurance.

Sprint Goal: Verify the system against functional, non-functional, security, business-rule, and production-readiness requirements.

Task: Run accessibility checks

Production Gate: No production release if critical tests fail.",Highest,To Do,Testing and quality assurance,"bwc,solo-scrum,sprint-16,e24,testing-and-qa,task",Sprint 16 — Full Test Suite and Quality Assurance
BWC,S16-017,E24,Task,Fix failing tests,"Detailed sprint backlog item from Sprint 16 — Full Test Suite and Quality Assurance.

Sprint Goal: Verify the system against functional, non-functional, security, business-rule, and production-readiness requirements.

Task: Fix failing tests

Production Gate: No production release if critical tests fail.",Highest,To Do,Testing and quality assurance,"bwc,solo-scrum,sprint-16,e24,testing-and-qa,task",Sprint 16 — Full Test Suite and Quality Assurance
BWC,S16-018,E24,Task,Write test report,"Detailed sprint backlog item from Sprint 16 — Full Test Suite and Quality Assurance.

Sprint Goal: Verify the system against functional, non-functional, security, business-rule, and production-readiness requirements.

Task: Write test report

Production Gate: No production release if critical tests fail.",Highest,To Do,Testing and quality assurance,"bwc,solo-scrum,sprint-16,e24,testing-and-qa,task",Sprint 16 — Full Test Suite and Quality Assurance
BWC,S16-019,E24,Task,Capture test screenshots,"Detailed sprint backlog item from Sprint 16 — Full Test Suite and Quality Assurance.

Sprint Goal: Verify the system against functional, non-functional, security, business-rule, and production-readiness requirements.

Task: Capture test screenshots

Production Gate: No production release if critical tests fail.",Highest,To Do,Testing and quality assurance,"bwc,solo-scrum,sprint-16,e24,testing-and-qa,task",Sprint 16 — Full Test Suite and Quality Assurance
BWC,S16-020,E24,Task,Tag release candidate if tests pass,"Detailed sprint backlog item from Sprint 16 — Full Test Suite and Quality Assurance.

Sprint Goal: Verify the system against functional, non-functional, security, business-rule, and production-readiness requirements.

Task: Tag release candidate if tests pass

Production Gate: No production release if critical tests fail.",Highest,To Do,Testing and quality assurance,"bwc,solo-scrum,sprint-16,e24,testing-and-qa,task",Sprint 16 — Full Test Suite and Quality Assurance
BWC,S17-001,E25,Task,Add GitHub Actions workflow,"Detailed sprint backlog item from Sprint 17 — CI/CD and Deployment Automation.

Sprint Goal: Automate build, test, packaging, and deployment preparation.

Task: Add GitHub Actions workflow

Production Gate: Main branch must not be releasable unless CI passes.",Medium,To Do,CI/CD,"bwc,solo-scrum,sprint-17,e25,ci-cd,task",Sprint 17 — CI/CD and Deployment Automation
BWC,S17-002,E25,Task,Add backend build job,"Detailed sprint backlog item from Sprint 17 — CI/CD and Deployment Automation.

Sprint Goal: Automate build, test, packaging, and deployment preparation.

Task: Add backend build job

Production Gate: Main branch must not be releasable unless CI passes.",Medium,To Do,CI/CD,"bwc,solo-scrum,sprint-17,e25,ci-cd,task",Sprint 17 — CI/CD and Deployment Automation
BWC,S17-003,E25,Task,Add backend test job,"Detailed sprint backlog item from Sprint 17 — CI/CD and Deployment Automation.

Sprint Goal: Automate build, test, packaging, and deployment preparation.

Task: Add backend test job

Production Gate: Main branch must not be releasable unless CI passes.",Medium,To Do,CI/CD,"bwc,solo-scrum,sprint-17,e25,ci-cd,task",Sprint 17 — CI/CD and Deployment Automation
BWC,S17-004,E25,Task,Add frontend install job,"Detailed sprint backlog item from Sprint 17 — CI/CD and Deployment Automation.

Sprint Goal: Automate build, test, packaging, and deployment preparation.

Task: Add frontend install job

Production Gate: Main branch must not be releasable unless CI passes.",Medium,To Do,CI/CD,"bwc,solo-scrum,sprint-17,e25,ci-cd,task",Sprint 17 — CI/CD and Deployment Automation
BWC,S17-005,E25,Task,Add frontend lint job,"Detailed sprint backlog item from Sprint 17 — CI/CD and Deployment Automation.

Sprint Goal: Automate build, test, packaging, and deployment preparation.

Task: Add frontend lint job

Production Gate: Main branch must not be releasable unless CI passes.",Medium,To Do,CI/CD,"bwc,solo-scrum,sprint-17,e25,ci-cd,task",Sprint 17 — CI/CD and Deployment Automation
BWC,S17-006,E25,Task,Add frontend test job,"Detailed sprint backlog item from Sprint 17 — CI/CD and Deployment Automation.

Sprint Goal: Automate build, test, packaging, and deployment preparation.

Task: Add frontend test job

Production Gate: Main branch must not be releasable unless CI passes.",Medium,To Do,CI/CD,"bwc,solo-scrum,sprint-17,e25,ci-cd,task",Sprint 17 — CI/CD and Deployment Automation
BWC,S17-007,E25,Task,Add frontend build job,"Detailed sprint backlog item from Sprint 17 — CI/CD and Deployment Automation.

Sprint Goal: Automate build, test, packaging, and deployment preparation.

Task: Add frontend build job

Production Gate: Main branch must not be releasable unless CI passes.",Medium,To Do,CI/CD,"bwc,solo-scrum,sprint-17,e25,ci-cd,task",Sprint 17 — CI/CD and Deployment Automation
BWC,S17-008,E25,Task,Add Docker backend image build,"Detailed sprint backlog item from Sprint 17 — CI/CD and Deployment Automation.

Sprint Goal: Automate build, test, packaging, and deployment preparation.

Task: Add Docker backend image build

Production Gate: Main branch must not be releasable unless CI passes.",Medium,To Do,CI/CD,"bwc,solo-scrum,sprint-17,e25,ci-cd,task",Sprint 17 — CI/CD and Deployment Automation
BWC,S17-009,E25,Task,Add Docker frontend image build,"Detailed sprint backlog item from Sprint 17 — CI/CD and Deployment Automation.

Sprint Goal: Automate build, test, packaging, and deployment preparation.

Task: Add Docker frontend image build

Production Gate: Main branch must not be releasable unless CI passes.",Medium,To Do,CI/CD,"bwc,solo-scrum,sprint-17,e25,ci-cd,task",Sprint 17 — CI/CD and Deployment Automation
BWC,S17-010,E25,Task,Add Docker Compose validation,"Detailed sprint backlog item from Sprint 17 — CI/CD and Deployment Automation.

Sprint Goal: Automate build, test, packaging, and deployment preparation.

Task: Add Docker Compose validation

Production Gate: Main branch must not be releasable unless CI passes.",Medium,To Do,CI/CD,"bwc,solo-scrum,sprint-17,e25,ci-cd,task",Sprint 17 — CI/CD and Deployment Automation
BWC,S17-011,E25,Task,Add environment variable template,"Detailed sprint backlog item from Sprint 17 — CI/CD and Deployment Automation.

Sprint Goal: Automate build, test, packaging, and deployment preparation.

Task: Add environment variable template

Production Gate: Main branch must not be releasable unless CI passes.",Medium,To Do,CI/CD,"bwc,solo-scrum,sprint-17,e25,ci-cd,task",Sprint 17 — CI/CD and Deployment Automation
BWC,S17-012,E25,Task,Add secrets documentation,"Detailed sprint backlog item from Sprint 17 — CI/CD and Deployment Automation.

Sprint Goal: Automate build, test, packaging, and deployment preparation.

Task: Add secrets documentation

Production Gate: Main branch must not be releasable unless CI passes.",Medium,To Do,CI/CD,"bwc,solo-scrum,sprint-17,e25,ci-cd,task",Sprint 17 — CI/CD and Deployment Automation
BWC,S17-013,E25,Task,Add deployment workflow placeholder,"Detailed sprint backlog item from Sprint 17 — CI/CD and Deployment Automation.

Sprint Goal: Automate build, test, packaging, and deployment preparation.

Task: Add deployment workflow placeholder

Production Gate: Main branch must not be releasable unless CI passes.",Medium,To Do,CI/CD,"bwc,solo-scrum,sprint-17,e25,ci-cd,task",Sprint 17 — CI/CD and Deployment Automation
BWC,S17-014,E25,Task,Add release artifact generation,"Detailed sprint backlog item from Sprint 17 — CI/CD and Deployment Automation.

Sprint Goal: Automate build, test, packaging, and deployment preparation.

Task: Add release artifact generation

Production Gate: Main branch must not be releasable unless CI passes.",Medium,To Do,CI/CD,"bwc,solo-scrum,sprint-17,e25,ci-cd,task",Sprint 17 — CI/CD and Deployment Automation
BWC,S17-015,E25,Task,Add CI badge to README,"Detailed sprint backlog item from Sprint 17 — CI/CD and Deployment Automation.

Sprint Goal: Automate build, test, packaging, and deployment preparation.

Task: Add CI badge to README

Production Gate: Main branch must not be releasable unless CI passes.",Medium,To Do,CI/CD,"bwc,solo-scrum,sprint-17,e25,ci-cd,task",Sprint 17 — CI/CD and Deployment Automation
BWC,S17-016,E25,Task,Verify pipeline fails when tests fail,"Detailed sprint backlog item from Sprint 17 — CI/CD and Deployment Automation.

Sprint Goal: Automate build, test, packaging, and deployment preparation.

Task: Verify pipeline fails when tests fail

Production Gate: Main branch must not be releasable unless CI passes.",Medium,To Do,CI/CD,"bwc,solo-scrum,sprint-17,e25,ci-cd,task",Sprint 17 — CI/CD and Deployment Automation
BWC,S17-017,E25,Task,Verify pipeline passes on clean main branch,"Detailed sprint backlog item from Sprint 17 — CI/CD and Deployment Automation.

Sprint Goal: Automate build, test, packaging, and deployment preparation.

Task: Verify pipeline passes on clean main branch

Production Gate: Main branch must not be releasable unless CI passes.",Medium,To Do,CI/CD,"bwc,solo-scrum,sprint-17,e25,ci-cd,task",Sprint 17 — CI/CD and Deployment Automation
BWC,S18-001,E26,Task,Create production Docker Compose file,"Detailed sprint backlog item from Sprint 18 — Production Deployment and Operations.

Sprint Goal: Deploy the system in a production-ready environment with operational safeguards.

Task: Create production Docker Compose file

Production Gate: Production release is allowed only after smoke tests, backups, security config, and critical workflows pass.",Highest,To Do,Production deployment,"bwc,solo-scrum,sprint-18,e26,production-deployment,task",Sprint 18 — Production Deployment and Operations
BWC,S18-002,E26,Task,Configure production backend environment,"Detailed sprint backlog item from Sprint 18 — Production Deployment and Operations.

Sprint Goal: Deploy the system in a production-ready environment with operational safeguards.

Task: Configure production backend environment

Production Gate: Production release is allowed only after smoke tests, backups, security config, and critical workflows pass.",Highest,To Do,Production deployment,"bwc,solo-scrum,sprint-18,e26,production-deployment,task",Sprint 18 — Production Deployment and Operations
BWC,S18-003,E26,Task,Configure production frontend environment,"Detailed sprint backlog item from Sprint 18 — Production Deployment and Operations.

Sprint Goal: Deploy the system in a production-ready environment with operational safeguards.

Task: Configure production frontend environment

Production Gate: Production release is allowed only after smoke tests, backups, security config, and critical workflows pass.",Highest,To Do,Production deployment,"bwc,solo-scrum,sprint-18,e26,production-deployment,task",Sprint 18 — Production Deployment and Operations
BWC,S18-004,E26,Task,Configure PostgreSQL production volume,"Detailed sprint backlog item from Sprint 18 — Production Deployment and Operations.

Sprint Goal: Deploy the system in a production-ready environment with operational safeguards.

Task: Configure PostgreSQL production volume

Production Gate: Production release is allowed only after smoke tests, backups, security config, and critical workflows pass.",Highest,To Do,Production deployment,"bwc,solo-scrum,sprint-18,e26,production-deployment,task",Sprint 18 — Production Deployment and Operations
BWC,S18-005,E26,Task,Configure reverse proxy with Nginx or Caddy,"Detailed sprint backlog item from Sprint 18 — Production Deployment and Operations.

Sprint Goal: Deploy the system in a production-ready environment with operational safeguards.

Task: Configure reverse proxy with Nginx or Caddy

Production Gate: Production release is allowed only after smoke tests, backups, security config, and critical workflows pass.",Highest,To Do,Production deployment,"bwc,solo-scrum,sprint-18,e26,production-deployment,task",Sprint 18 — Production Deployment and Operations
BWC,S18-006,E26,Task,Configure HTTPS,"Detailed sprint backlog item from Sprint 18 — Production Deployment and Operations.

Sprint Goal: Deploy the system in a production-ready environment with operational safeguards.

Task: Configure HTTPS

Production Gate: Production release is allowed only after smoke tests, backups, security config, and critical workflows pass.",Highest,To Do,Production deployment,"bwc,solo-scrum,sprint-18,e26,production-deployment,task",Sprint 18 — Production Deployment and Operations
BWC,S18-007,E26,Task,Configure production CORS,"Detailed sprint backlog item from Sprint 18 — Production Deployment and Operations.

Sprint Goal: Deploy the system in a production-ready environment with operational safeguards.

Task: Configure production CORS

Production Gate: Production release is allowed only after smoke tests, backups, security config, and critical workflows pass.",Highest,To Do,Production deployment,"bwc,solo-scrum,sprint-18,e26,production-deployment,task",Sprint 18 — Production Deployment and Operations
BWC,S18-008,E26,Task,Configure secure JWT/session secret,"Detailed sprint backlog item from Sprint 18 — Production Deployment and Operations.

Sprint Goal: Deploy the system in a production-ready environment with operational safeguards.

Task: Configure secure JWT/session secret

Production Gate: Production release is allowed only after smoke tests, backups, security config, and critical workflows pass.",Highest,To Do,Production deployment,"bwc,solo-scrum,sprint-18,e26,production-deployment,task",Sprint 18 — Production Deployment and Operations
BWC,S18-009,E26,Task,Configure real email provider or disable real sending until provider is configured,"Detailed sprint backlog item from Sprint 18 — Production Deployment and Operations.

Sprint Goal: Deploy the system in a production-ready environment with operational safeguards.

Task: Configure real email provider or disable real sending until provider is configured

Production Gate: Production release is allowed only after smoke tests, backups, security config, and critical workflows pass.",Highest,To Do,Production deployment,"bwc,solo-scrum,sprint-18,e26,production-deployment,task",Sprint 18 — Production Deployment and Operations
BWC,S18-010,E26,Task,Configure file storage for consent evidence,"Detailed sprint backlog item from Sprint 18 — Production Deployment and Operations.

Sprint Goal: Deploy the system in a production-ready environment with operational safeguards.

Task: Configure file storage for consent evidence

Production Gate: Production release is allowed only after smoke tests, backups, security config, and critical workflows pass.",Highest,To Do,Production deployment,"bwc,solo-scrum,sprint-18,e26,production-deployment,task",Sprint 18 — Production Deployment and Operations
BWC,S18-011,E26,Task,Configure database backup,"Detailed sprint backlog item from Sprint 18 — Production Deployment and Operations.

Sprint Goal: Deploy the system in a production-ready environment with operational safeguards.

Task: Configure database backup

Production Gate: Production release is allowed only after smoke tests, backups, security config, and critical workflows pass.",Highest,To Do,Production deployment,"bwc,solo-scrum,sprint-18,e26,production-deployment,task",Sprint 18 — Production Deployment and Operations
BWC,S18-012,E26,Task,Document database restore process,"Detailed sprint backlog item from Sprint 18 — Production Deployment and Operations.

Sprint Goal: Deploy the system in a production-ready environment with operational safeguards.

Task: Document database restore process

Production Gate: Production release is allowed only after smoke tests, backups, security config, and critical workflows pass.",Highest,To Do,Production deployment,"bwc,solo-scrum,sprint-18,e26,production-deployment,task",Sprint 18 — Production Deployment and Operations
BWC,S18-013,E26,Task,Enable health endpoint,"Detailed sprint backlog item from Sprint 18 — Production Deployment and Operations.

Sprint Goal: Deploy the system in a production-ready environment with operational safeguards.

Task: Enable health endpoint

Production Gate: Production release is allowed only after smoke tests, backups, security config, and critical workflows pass.",Highest,To Do,Production deployment,"bwc,solo-scrum,sprint-18,e26,production-deployment,task",Sprint 18 — Production Deployment and Operations
BWC,S18-014,E26,Task,Enable application logs,"Detailed sprint backlog item from Sprint 18 — Production Deployment and Operations.

Sprint Goal: Deploy the system in a production-ready environment with operational safeguards.

Task: Enable application logs

Production Gate: Production release is allowed only after smoke tests, backups, security config, and critical workflows pass.",Highest,To Do,Production deployment,"bwc,solo-scrum,sprint-18,e26,production-deployment,task",Sprint 18 — Production Deployment and Operations
BWC,S18-015,E26,Task,Enable scheduler logs,"Detailed sprint backlog item from Sprint 18 — Production Deployment and Operations.

Sprint Goal: Deploy the system in a production-ready environment with operational safeguards.

Task: Enable scheduler logs

Production Gate: Production release is allowed only after smoke tests, backups, security config, and critical workflows pass.",Highest,To Do,Production deployment,"bwc,solo-scrum,sprint-18,e26,production-deployment,task",Sprint 18 — Production Deployment and Operations
BWC,S18-016,E26,Task,Create admin bootstrap process,"Detailed sprint backlog item from Sprint 18 — Production Deployment and Operations.

Sprint Goal: Deploy the system in a production-ready environment with operational safeguards.

Task: Create admin bootstrap process

Production Gate: Production release is allowed only after smoke tests, backups, security config, and critical workflows pass.",Highest,To Do,Production deployment,"bwc,solo-scrum,sprint-18,e26,production-deployment,task",Sprint 18 — Production Deployment and Operations
BWC,S18-017,E26,Task,Create production smoke test checklist,"Detailed sprint backlog item from Sprint 18 — Production Deployment and Operations.

Sprint Goal: Deploy the system in a production-ready environment with operational safeguards.

Task: Create production smoke test checklist

Production Gate: Production release is allowed only after smoke tests, backups, security config, and critical workflows pass.",Highest,To Do,Production deployment,"bwc,solo-scrum,sprint-18,e26,production-deployment,task",Sprint 18 — Production Deployment and Operations
BWC,S18-018,E26,Task,Run smoke tests after deployment,"Detailed sprint backlog item from Sprint 18 — Production Deployment and Operations.

Sprint Goal: Deploy the system in a production-ready environment with operational safeguards.

Task: Run smoke tests after deployment

Production Gate: Production release is allowed only after smoke tests, backups, security config, and critical workflows pass.",Highest,To Do,Production deployment,"bwc,solo-scrum,sprint-18,e26,production-deployment,task",Sprint 18 — Production Deployment and Operations
BWC,S18-019,E26,Task,Create rollback plan,"Detailed sprint backlog item from Sprint 18 — Production Deployment and Operations.

Sprint Goal: Deploy the system in a production-ready environment with operational safeguards.

Task: Create rollback plan

Production Gate: Production release is allowed only after smoke tests, backups, security config, and critical workflows pass.",Highest,To Do,Production deployment,"bwc,solo-scrum,sprint-18,e26,production-deployment,task",Sprint 18 — Production Deployment and Operations
BWC,S18-020,E26,Task,Create release notes for v1.0,"Detailed sprint backlog item from Sprint 18 — Production Deployment and Operations.

Sprint Goal: Deploy the system in a production-ready environment with operational safeguards.

Task: Create release notes for v1.0

Production Gate: Production release is allowed only after smoke tests, backups, security config, and critical workflows pass.",Highest,To Do,Production deployment,"bwc,solo-scrum,sprint-18,e26,production-deployment,task",Sprint 18 — Production Deployment and Operations
BWC,S19-001,E27,Task,Update README,"Detailed sprint backlog item from Sprint 19 — Documentation, Demo, and University Report Evidence.

Sprint Goal: Prepare the final project evidence, documentation, and university report material.

Task: Update README

Production Gate: Documentation must allow another developer or evaluator to understand, run, test, and review the system.",Medium,To Do,Documentation and university report,"bwc,solo-scrum,sprint-19,e27,documentation,task","Sprint 19 — Documentation, Demo, and University Report Evidence"
BWC,S19-002,E27,Task,Write setup guide,"Detailed sprint backlog item from Sprint 19 — Documentation, Demo, and University Report Evidence.

Sprint Goal: Prepare the final project evidence, documentation, and university report material.

Task: Write setup guide

Production Gate: Documentation must allow another developer or evaluator to understand, run, test, and review the system.",Medium,To Do,Documentation and university report,"bwc,solo-scrum,sprint-19,e27,documentation,task","Sprint 19 — Documentation, Demo, and University Report Evidence"
BWC,S19-003,E27,Task,Write deployment guide,"Detailed sprint backlog item from Sprint 19 — Documentation, Demo, and University Report Evidence.

Sprint Goal: Prepare the final project evidence, documentation, and university report material.

Task: Write deployment guide

Production Gate: Documentation must allow another developer or evaluator to understand, run, test, and review the system.",Medium,To Do,Documentation and university report,"bwc,solo-scrum,sprint-19,e27,documentation,task","Sprint 19 — Documentation, Demo, and University Report Evidence"
BWC,S19-004,E27,Task,Write user manual,"Detailed sprint backlog item from Sprint 19 — Documentation, Demo, and University Report Evidence.

Sprint Goal: Prepare the final project evidence, documentation, and university report material.

Task: Write user manual

Production Gate: Documentation must allow another developer or evaluator to understand, run, test, and review the system.",Medium,To Do,Documentation and university report,"bwc,solo-scrum,sprint-19,e27,documentation,task","Sprint 19 — Documentation, Demo, and University Report Evidence"
BWC,S19-005,E27,Task,Write admin manual,"Detailed sprint backlog item from Sprint 19 — Documentation, Demo, and University Report Evidence.

Sprint Goal: Prepare the final project evidence, documentation, and university report material.

Task: Write admin manual

Production Gate: Documentation must allow another developer or evaluator to understand, run, test, and review the system.",Medium,To Do,Documentation and university report,"bwc,solo-scrum,sprint-19,e27,documentation,task","Sprint 19 — Documentation, Demo, and University Report Evidence"
BWC,S19-006,E27,Task,Write API documentation,"Detailed sprint backlog item from Sprint 19 — Documentation, Demo, and University Report Evidence.

Sprint Goal: Prepare the final project evidence, documentation, and university report material.

Task: Write API documentation

Production Gate: Documentation must allow another developer or evaluator to understand, run, test, and review the system.",Medium,To Do,Documentation and university report,"bwc,solo-scrum,sprint-19,e27,documentation,task","Sprint 19 — Documentation, Demo, and University Report Evidence"
BWC,S19-007,E27,Task,Export OpenAPI/Swagger documentation,"Detailed sprint backlog item from Sprint 19 — Documentation, Demo, and University Report Evidence.

Sprint Goal: Prepare the final project evidence, documentation, and university report material.

Task: Export OpenAPI/Swagger documentation

Production Gate: Documentation must allow another developer or evaluator to understand, run, test, and review the system.",Medium,To Do,Documentation and university report,"bwc,solo-scrum,sprint-19,e27,documentation,task","Sprint 19 — Documentation, Demo, and University Report Evidence"
BWC,S19-008,E27,Task,Capture screenshots of key screens,"Detailed sprint backlog item from Sprint 19 — Documentation, Demo, and University Report Evidence.

Sprint Goal: Prepare the final project evidence, documentation, and university report material.

Task: Capture screenshots of key screens

Production Gate: Documentation must allow another developer or evaluator to understand, run, test, and review the system.",Medium,To Do,Documentation and university report,"bwc,solo-scrum,sprint-19,e27,documentation,task","Sprint 19 — Documentation, Demo, and University Report Evidence"
BWC,S19-009,E27,Task,Capture screenshots of Scrum board,"Detailed sprint backlog item from Sprint 19 — Documentation, Demo, and University Report Evidence.

Sprint Goal: Prepare the final project evidence, documentation, and university report material.

Task: Capture screenshots of Scrum board

Production Gate: Documentation must allow another developer or evaluator to understand, run, test, and review the system.",Medium,To Do,Documentation and university report,"bwc,solo-scrum,sprint-19,e27,documentation,task","Sprint 19 — Documentation, Demo, and University Report Evidence"
BWC,S19-010,E27,Task,Capture sprint review notes,"Detailed sprint backlog item from Sprint 19 — Documentation, Demo, and University Report Evidence.

Sprint Goal: Prepare the final project evidence, documentation, and university report material.

Task: Capture sprint review notes

Production Gate: Documentation must allow another developer or evaluator to understand, run, test, and review the system.",Medium,To Do,Documentation and university report,"bwc,solo-scrum,sprint-19,e27,documentation,task","Sprint 19 — Documentation, Demo, and University Report Evidence"
BWC,S19-011,E27,Task,Capture retrospective notes,"Detailed sprint backlog item from Sprint 19 — Documentation, Demo, and University Report Evidence.

Sprint Goal: Prepare the final project evidence, documentation, and university report material.

Task: Capture retrospective notes

Production Gate: Documentation must allow another developer or evaluator to understand, run, test, and review the system.",Medium,To Do,Documentation and university report,"bwc,solo-scrum,sprint-19,e27,documentation,task","Sprint 19 — Documentation, Demo, and University Report Evidence"
BWC,S19-012,E27,Task,Capture test results,"Detailed sprint backlog item from Sprint 19 — Documentation, Demo, and University Report Evidence.

Sprint Goal: Prepare the final project evidence, documentation, and university report material.

Task: Capture test results

Production Gate: Documentation must allow another developer or evaluator to understand, run, test, and review the system.",Medium,To Do,Documentation and university report,"bwc,solo-scrum,sprint-19,e27,documentation,task","Sprint 19 — Documentation, Demo, and University Report Evidence"
BWC,S19-013,E27,Task,Create demo script,"Detailed sprint backlog item from Sprint 19 — Documentation, Demo, and University Report Evidence.

Sprint Goal: Prepare the final project evidence, documentation, and university report material.

Task: Create demo script

Production Gate: Documentation must allow another developer or evaluator to understand, run, test, and review the system.",Medium,To Do,Documentation and university report,"bwc,solo-scrum,sprint-19,e27,documentation,task","Sprint 19 — Documentation, Demo, and University Report Evidence"
BWC,S19-014,E27,Task,Prepare final demo dataset,"Detailed sprint backlog item from Sprint 19 — Documentation, Demo, and University Report Evidence.

Sprint Goal: Prepare the final project evidence, documentation, and university report material.

Task: Prepare final demo dataset

Production Gate: Documentation must allow another developer or evaluator to understand, run, test, and review the system.",Medium,To Do,Documentation and university report,"bwc,solo-scrum,sprint-19,e27,documentation,task","Sprint 19 — Documentation, Demo, and University Report Evidence"
BWC,S19-015,E27,Task,Prepare architecture diagrams,"Detailed sprint backlog item from Sprint 19 — Documentation, Demo, and University Report Evidence.

Sprint Goal: Prepare the final project evidence, documentation, and university report material.

Task: Prepare architecture diagrams

Production Gate: Documentation must allow another developer or evaluator to understand, run, test, and review the system.",Medium,To Do,Documentation and university report,"bwc,solo-scrum,sprint-19,e27,documentation,task","Sprint 19 — Documentation, Demo, and University Report Evidence"
BWC,S19-016,E27,Task,Prepare ERD,"Detailed sprint backlog item from Sprint 19 — Documentation, Demo, and University Report Evidence.

Sprint Goal: Prepare the final project evidence, documentation, and university report material.

Task: Prepare ERD

Production Gate: Documentation must allow another developer or evaluator to understand, run, test, and review the system.",Medium,To Do,Documentation and university report,"bwc,solo-scrum,sprint-19,e27,documentation,task","Sprint 19 — Documentation, Demo, and University Report Evidence"
BWC,S19-017,E27,Task,Prepare use-case diagram,"Detailed sprint backlog item from Sprint 19 — Documentation, Demo, and University Report Evidence.

Sprint Goal: Prepare the final project evidence, documentation, and university report material.

Task: Prepare use-case diagram

Production Gate: Documentation must allow another developer or evaluator to understand, run, test, and review the system.",Medium,To Do,Documentation and university report,"bwc,solo-scrum,sprint-19,e27,documentation,task","Sprint 19 — Documentation, Demo, and University Report Evidence"
BWC,S19-018,E27,Task,Prepare activity diagrams,"Detailed sprint backlog item from Sprint 19 — Documentation, Demo, and University Report Evidence.

Sprint Goal: Prepare the final project evidence, documentation, and university report material.

Task: Prepare activity diagrams

Production Gate: Documentation must allow another developer or evaluator to understand, run, test, and review the system.",Medium,To Do,Documentation and university report,"bwc,solo-scrum,sprint-19,e27,documentation,task","Sprint 19 — Documentation, Demo, and University Report Evidence"
BWC,S19-019,E27,Task,Prepare sequence diagrams,"Detailed sprint backlog item from Sprint 19 — Documentation, Demo, and University Report Evidence.

Sprint Goal: Prepare the final project evidence, documentation, and university report material.

Task: Prepare sequence diagrams

Production Gate: Documentation must allow another developer or evaluator to understand, run, test, and review the system.",Medium,To Do,Documentation and university report,"bwc,solo-scrum,sprint-19,e27,documentation,task","Sprint 19 — Documentation, Demo, and University Report Evidence"
BWC,S19-020,E27,Task,Prepare deployment diagram,"Detailed sprint backlog item from Sprint 19 — Documentation, Demo, and University Report Evidence.

Sprint Goal: Prepare the final project evidence, documentation, and university report material.

Task: Prepare deployment diagram

Production Gate: Documentation must allow another developer or evaluator to understand, run, test, and review the system.",Medium,To Do,Documentation and university report,"bwc,solo-scrum,sprint-19,e27,documentation,task","Sprint 19 — Documentation, Demo, and University Report Evidence"
BWC,S19-021,E27,Task,Prepare release plan evidence,"Detailed sprint backlog item from Sprint 19 — Documentation, Demo, and University Report Evidence.

Sprint Goal: Prepare the final project evidence, documentation, and university report material.

Task: Prepare release plan evidence

Production Gate: Documentation must allow another developer or evaluator to understand, run, test, and review the system.",Medium,To Do,Documentation and university report,"bwc,solo-scrum,sprint-19,e27,documentation,task","Sprint 19 — Documentation, Demo, and University Report Evidence"
BWC,S19-022,E27,Task,Write final university project report,"Detailed sprint backlog item from Sprint 19 — Documentation, Demo, and University Report Evidence.

Sprint Goal: Prepare the final project evidence, documentation, and university report material.

Task: Write final university project report

Production Gate: Documentation must allow another developer or evaluator to understand, run, test, and review the system.",Medium,To Do,Documentation and university report,"bwc,solo-scrum,sprint-19,e27,documentation,task","Sprint 19 — Documentation, Demo, and University Report Evidence"
BWC,S19-023,E27,Task,Add implementation evidence to appendices,"Detailed sprint backlog item from Sprint 19 — Documentation, Demo, and University Report Evidence.

Sprint Goal: Prepare the final project evidence, documentation, and university report material.

Task: Add implementation evidence to appendices

Production Gate: Documentation must allow another developer or evaluator to understand, run, test, and review the system.",Medium,To Do,Documentation and university report,"bwc,solo-scrum,sprint-19,e27,documentation,task","Sprint 19 — Documentation, Demo, and University Report Evidence"
BWC,S19-024,E27,Task,Add testing evidence to appendices,"Detailed sprint backlog item from Sprint 19 — Documentation, Demo, and University Report Evidence.

Sprint Goal: Prepare the final project evidence, documentation, and university report material.

Task: Add testing evidence to appendices

Production Gate: Documentation must allow another developer or evaluator to understand, run, test, and review the system.",Medium,To Do,Documentation and university report,"bwc,solo-scrum,sprint-19,e27,documentation,task","Sprint 19 — Documentation, Demo, and University Report Evidence"
BWC,S19-025,E27,Task,Add Scrum process evidence to appendices,"Detailed sprint backlog item from Sprint 19 — Documentation, Demo, and University Report Evidence.

Sprint Goal: Prepare the final project evidence, documentation, and university report material.

Task: Add Scrum process evidence to appendices

Production Gate: Documentation must allow another developer or evaluator to understand, run, test, and review the system.",Medium,To Do,Documentation and university report,"bwc,solo-scrum,sprint-19,e27,documentation,task","Sprint 19 — Documentation, Demo, and University Report Evidence"
BWC,S19-026,E27,Task,Proofread final report,"Detailed sprint backlog item from Sprint 19 — Documentation, Demo, and University Report Evidence.

Sprint Goal: Prepare the final project evidence, documentation, and university report material.

Task: Proofread final report

Production Gate: Documentation must allow another developer or evaluator to understand, run, test, and review the system.",Medium,To Do,Documentation and university report,"bwc,solo-scrum,sprint-19,e27,documentation,task","Sprint 19 — Documentation, Demo, and University Report Evidence"
BWC,S19-027,E27,Task,Prepare final submission package,"Detailed sprint backlog item from Sprint 19 — Documentation, Demo, and University Report Evidence.

Sprint Goal: Prepare the final project evidence, documentation, and university report material.

Task: Prepare final submission package

Production Gate: Documentation must allow another developer or evaluator to understand, run, test, and review the system.",Medium,To Do,Documentation and university report,"bwc,solo-scrum,sprint-19,e27,documentation,task","Sprint 19 — Documentation, Demo, and University Report Evidence"
BWC,TC-001,E24,Task,Critical test: Campaign cannot launch without approval,"Critical test case from Sprint 16 — Full Test Suite and Quality Assurance.

Test: Campaign cannot launch without approval

Source: To-Do-List Sprint 16 Critical Tests and Knowledge Base TC definitions.",Highest,To Do,Testing and quality assurance,"bwc,solo-scrum,sprint-16,e24,testing-and-qa,test-case",Sprint 16 — Full Test Suite and Quality Assurance
BWC,TC-002,E24,Task,Critical test: Customer with do_not_contact is excluded,"Critical test case from Sprint 16 — Full Test Suite and Quality Assurance.

Test: Customer with do_not_contact is excluded

Source: To-Do-List Sprint 16 Critical Tests and Knowledge Base TC definitions.",Highest,To Do,Testing and quality assurance,"bwc,solo-scrum,sprint-16,e24,testing-and-qa,test-case",Sprint 16 — Full Test Suite and Quality Assurance
BWC,TC-003,E24,Task,Critical test: Customer without valid consent is excluded,"Critical test case from Sprint 16 — Full Test Suite and Quality Assurance.

Test: Customer without valid consent is excluded

Source: To-Do-List Sprint 16 Critical Tests and Knowledge Base TC definitions.",Highest,To Do,Testing and quality assurance,"bwc,solo-scrum,sprint-16,e24,testing-and-qa,test-case",Sprint 16 — Full Test Suite and Quality Assurance
BWC,TC-004,E24,Task,Critical test: Minor beneficiary without guardian consent is excluded,"Critical test case from Sprint 16 — Full Test Suite and Quality Assurance.

Test: Minor beneficiary without guardian consent is excluded

Source: To-Do-List Sprint 16 Critical Tests and Knowledge Base TC definitions.",Highest,To Do,Testing and quality assurance,"bwc,solo-scrum,sprint-16,e24,testing-and-qa,test-case",Sprint 16 — Full Test Suite and Quality Assurance
BWC,TC-005,E24,Task,Critical test: Same customer cannot be duplicated in same campaign,"Critical test case from Sprint 16 — Full Test Suite and Quality Assurance.

Test: Same customer cannot be duplicated in same campaign

Source: To-Do-List Sprint 16 Critical Tests and Knowledge Base TC definitions.",High,To Do,Testing and quality assurance,"bwc,solo-scrum,sprint-16,e24,testing-and-qa,test-case",Sprint 16 — Full Test Suite and Quality Assurance
BWC,TC-006,E24,Task,Critical test: Customer cannot exceed monthly contact limit,"Critical test case from Sprint 16 — Full Test Suite and Quality Assurance.

Test: Customer cannot exceed monthly contact limit

Source: To-Do-List Sprint 16 Critical Tests and Knowledge Base TC definitions.",High,To Do,Testing and quality assurance,"bwc,solo-scrum,sprint-16,e24,testing-and-qa,test-case",Sprint 16 — Full Test Suite and Quality Assurance
BWC,TC-007,E24,Task,Critical test: Product Manager cannot launch campaigns,"Critical test case from Sprint 16 — Full Test Suite and Quality Assurance.

Test: Product Manager cannot launch campaigns

Source: To-Do-List Sprint 16 Critical Tests and Knowledge Base TC definitions.",High,To Do,Testing and quality assurance,"bwc,solo-scrum,sprint-16,e24,testing-and-qa,test-case",Sprint 16 — Full Test Suite and Quality Assurance
BWC,TC-008,E24,Task,Critical test: BI Analyst cannot edit customers,"Critical test case from Sprint 16 — Full Test Suite and Quality Assurance.

Test: BI Analyst cannot edit customers

Source: To-Do-List Sprint 16 Critical Tests and Knowledge Base TC definitions.",High,To Do,Testing and quality assurance,"bwc,solo-scrum,sprint-16,e24,testing-and-qa,test-case",Sprint 16 — Full Test Suite and Quality Assurance
BWC,TC-009,E24,Task,Critical test: Compliance Officer can approve/reject campaigns,"Critical test case from Sprint 16 — Full Test Suite and Quality Assurance.

Test: Compliance Officer can approve/reject campaigns

Source: To-Do-List Sprint 16 Critical Tests and Knowledge Base TC definitions.",High,To Do,Testing and quality assurance,"bwc,solo-scrum,sprint-16,e24,testing-and-qa,test-case",Sprint 16 — Full Test Suite and Quality Assurance
BWC,TC-010,E24,Task,Critical test: Contact events update analytics,"Critical test case from Sprint 16 — Full Test Suite and Quality Assurance.

Test: Contact events update analytics

Source: To-Do-List Sprint 16 Critical Tests and Knowledge Base TC definitions.",Medium,To Do,Testing and quality assurance,"bwc,solo-scrum,sprint-16,e24,testing-and-qa,test-case",Sprint 16 — Full Test Suite and Quality Assurance
BWC,TC-011,E24,Task,Critical test: Soft-deleted customers do not appear in active lists,"Critical test case from Sprint 16 — Full Test Suite and Quality Assurance.

Test: Soft-deleted customers do not appear in active lists

Source: To-Do-List Sprint 16 Critical Tests and Knowledge Base TC definitions.",Medium,To Do,Testing and quality assurance,"bwc,solo-scrum,sprint-16,e24,testing-and-qa,test-case",Sprint 16 — Full Test Suite and Quality Assurance
BWC,TC-012,E24,Task,Critical test: Audit log is created after consent change,"Critical test case from Sprint 16 — Full Test Suite and Quality Assurance.

Test: Audit log is created after consent change

Source: To-Do-List Sprint 16 Critical Tests and Knowledge Base TC definitions.",High,To Do,Testing and quality assurance,"bwc,solo-scrum,sprint-16,e24,testing-and-qa,test-case",Sprint 16 — Full Test Suite and Quality Assurance
BWC,TC-013,E24,Task,Critical test: Disabled user cannot log in,"Critical test case from Sprint 16 — Full Test Suite and Quality Assurance.

Test: Disabled user cannot log in

Source: To-Do-List Sprint 16 Critical Tests and Knowledge Base TC definitions.",High,To Do,Testing and quality assurance,"bwc,solo-scrum,sprint-16,e24,testing-and-qa,test-case",Sprint 16 — Full Test Suite and Quality Assurance
BWC,TC-014,E24,Task,Critical test: Payment reminder is not sent if payment is completed,"Critical test case from Sprint 16 — Full Test Suite and Quality Assurance.

Test: Payment reminder is not sent if payment is completed

Source: To-Do-List Sprint 16 Critical Tests and Knowledge Base TC definitions.",High,To Do,Testing and quality assurance,"bwc,solo-scrum,sprint-16,e24,testing-and-qa,test-case",Sprint 16 — Full Test Suite and Quality Assurance
BWC,TC-015,E24,Task,Critical test: AI recommendation cannot bypass consent rules,"Critical test case from Sprint 16 — Full Test Suite and Quality Assurance.

Test: AI recommendation cannot bypass consent rules

Source: To-Do-List Sprint 16 Critical Tests and Knowledge Base TC definitions.",Highest,To Do,Testing and quality assurance,"bwc,solo-scrum,sprint-16,e24,testing-and-qa,test-case",Sprint 16 — Full Test Suite and Quality Assurance
